"STATION","DATE","PRCP","TAVG","TMAX","TMIN","WSPD_MAX","WSPD_MEAN"
"ASN00086282","2021-04-14","0.0","15.2","22.7","12.2","32.8","21.4"
"ASN00086282","2021-04-15","0.0","13.3","20.0","8.7","25.2","17.3"
"ASN00086282","2021-04-16","0.4","12.8","16.2","8.0","16.3","11.5"
"ASN00086282","2021-04-17","0.0","13.7","17.9","10.2","15.0","10.6"
"ASN00086282","2021-04-18","0.0","14.7","18.5","10.5","14.7","10.3"
"ASN00086282","2021-04-19","0.0","16.1","20.5","10.6","20.6","12.5"
"ASN00086282","2021-04-20","0.0","8.9","19.7","10.5","26.4","18.4"
"ASN00086282","2021-04-21","4.4","11.8","15.9","4.2","15.9","11.3"
"ASN00086282","2021-04-22","0.0","13.6","17.2","8.6","20.7","17.4"
"ASN00086282","2021-04-23","0.0","13.6","16.5","11.6","19.4","13.3"
"ASN00086282","2021-04-24","0.0","12.7","17.9","10.3","17.2","12.0"
"ASN00086282","2021-04-25","2.0","12.8","17.5","7.9","15.6","10.5"
"ASN00086282","2021-04-26","0.0","14.1","18.2","8.8","18.2","10.0"
"ASN00086282","2021-04-27","0.0","11.7","15.9","11.4","12.3","7.7"
"ASN00086282","2021-04-28","0.0","11.6","18.4","5.5","13.5","5.9"
"ASN00086282","2021-04-29","0.0","13.2","21.5","6.2","8.7","4.1"
"ASN00086282","2021-04-30","0.0","16.2","25.1","7.6","17.8","12.0"
"ASN00086282","2021-05-01","0.0","18.1","24.5","9.2","24.4","19.6"
"ASN00086282","2021-05-02","0.0","17.2","26.4","13.4","27.9","21.5"
"ASN00086282","2021-05-03","1.6","12.6","18.5","9.3","16.0","9.6"
"ASN00086282","2021-05-04","35.0","11.2","15.1","8.2","29.9","19.3"
"ASN00086282","2021-05-05","0.4","10.7","16.3","5.9","18.4","11.2"
"ASN00086282","2021-05-06","0.0","13.8","21.1","6.3","9.2","5.4"
"ASN00086282","2021-05-07","0.0","15.3","22.3","9.1","12.0","6.1"
"ASN00086282","2021-05-08","0.0","13.9","19.6","9.1","12.1","7.9"
"ASN00086282","2021-05-09","0.8","14.3","20.1","9.4","15.5","10.0"
"ASN00086282","2021-05-10","0.0","12.4","16.9","9.8","29.3","16.4"
"ASN00086282","2021-05-11","14.8","10.2","14.3","8.9","30.6","19.2"
"ASN00086282","2021-05-12","0.6","11.8","17.5","5.1","14.3","5.7"
"ASN00086282","2021-05-13","0.0","10.2","17.7","7.4","20.3","13.9"
"ASN00086282","2021-05-14","2.0","9.9","14.3","5.1","22.4","18.0"
"ASN00086282","2021-05-15","2.6","8.2","12.4","5.7","34.3","21.8"
"ASN00086282","2021-05-16","0.2","11.9","15.3","4.1","23.8","18.2"
"ASN00086282","2021-05-17","0.0","10.5","15.6","8.5","22.7","13.1"
"ASN00086282","2021-05-18","0.0","11.6","15.4","6.3","13.3","8.0"
"ASN00086282","2021-05-19","0.0","13.1","18.2","6.5","19.5","14.7"
"ASN00086282","2021-05-20","0.2","10.3","16.0","9.6","23.8","14.5"
"ASN00086282","2021-05-21","0.0","9.7","18.3","4.4","9.6","5.4"
"ASN00086282","2021-05-22","0.0","11.5","19.0","2.4","23.8","15.1"
"ASN00086282","2021-05-23","0.0","12.6","19.6","6.0","17.3","15.2"
"ASN00086282","2021-05-24","0.0","15.7","19.5","6.6","37.5","23.2"
"ASN00086282","2021-05-25","0.0","13.3","19.2","12.6","42.8","32.9"
"ASN00086282","2021-05-26","7.4","10.2","13.9","9.8","29.5","20.1"
"ASN00086282","2021-05-27","0.6","10.7","13.7","6.1","24.0","18.4"
"ASN00086282","2021-05-28","1.4","10.3","12.9","8.6","23.6","16.8"
"ASN00086282","2021-05-29","0.0","7.4","12.9","8.9","18.1","10.2"
"ASN00086282","2021-05-30","0.0","8.2","14.7","1.3","9.7","4.6"
"ASN00086282","2021-05-31","0.0","11.1","16.5","2.3","26.6","15.6"
"ASN00086282","2021-06-01","0.0","11.6","15.3","6.7","29.5","23.8"
"ASN00086282","2021-06-02","0.0","13.1","18.8","7.5","27.4","21.1"
"ASN00086282","2021-06-03","1.8","12.4","17.0","8.1","18.1","8.5"
"ASN00086282","2021-06-04","0.0","7.1","13.3","8.9","23.4","15.2"
"ASN00086282","2021-06-05","0.0","10.4","12.3","2.6","29.3","19.3"
"ASN00086282","2021-06-06","0.0","10.4","13.0","6.1","27.5","22.7"
"ASN00086282","2021-06-07","0.0","12.2","17.7","9.4","40.1","31.6"
"ASN00086282","2021-06-08","2.4","8.7","12.4","8.1","42.6","21.3"
"ASN00086282","2021-06-09","6.4","11.4","13.6","6.4","47.0","28.5"
"ASN00086282","2021-06-10","19.6","9.9","13.8","8.7","46.9","28.9"
"ASN00086282","2021-06-11","0.4","11.4","14.1","4.9","12.6","8.4"
"ASN00086282","2021-06-12","1.0","11.3","15.2","9.4","21.2","15.1"
"ASN00086282","2021-06-13","0.0","11.4","15.0","7.9","11.3","7.3"
"ASN00086282","2021-06-14","0.0","9.9","15.6","9.4","15.1","8.9"
"ASN00086282","2021-06-15","0.0","11.0","14.2","4.5","21.2","15.7"
"ASN00086282","2021-06-16","5.0","9.5","14.8","7.7","32.1","20.9"
"ASN00086282","2021-06-17","0.6","8.7","13.1","4.4","15.1","10.2"
"ASN00086282","2021-06-18","1.0","10.9","12.7","4.0","23.1","13.2"
"ASN00086282","2021-06-19","4.0","9.6","15.1","8.8","16.6","11.3"
"ASN00086282","2021-06-20","0.2","7.3","13.7","4.1","7.9","5.1"
"ASN00086282","2021-06-21","0.0","7.6","14.7","1.7","14.1","10.6"
"ASN00086282","2021-06-22","0.0","11.4","13.8","1.7","26.3","15.4"
"ASN00086282","2021-06-23","0.0","11.5","14.4","6.0","37.8","28.3"
"ASN00086282","2021-06-24","0.4","11.8","15.6","7.6","30.0","19.3"
"ASN00086282","2021-06-25","1.0","9.9","12.0","9.4","26.7","15.7"
"ASN00086282","2021-06-26","6.4","9.8","13.1","7.4","19.1","14.9"
"ASN00086282","2021-06-27","0.0","10.3","15.5","6.9","19.0","9.2"
"ASN00086282","2021-06-28","0.2","7.7","13.9","5.7","15.8","8.9"
"ASN00086282","2021-06-29","0.0","10.5","15.3","3.0","24.0","16.0"
"ASN00086282","2021-06-30","0.0","12.2","15.9","6.1","27.8","24.3"
"ASN00086282","2021-07-01","0.2","12.1","16.0","9.2","26.6","20.9"
"ASN00086282","2021-07-02","0.2","9.2","14.5","8.9","29.3","22.2"
"ASN00086282","2021-07-03","4.6","6.8","10.2","4.2","29.4","18.3"
"ASN00086282","2021-07-04","0.0","8.2","13.4","3.9","29.8","20.3"
"ASN00086282","2021-07-05","0.0","8.1","12.5","3.6","18.4","13.0"
"ASN00086282","2021-07-06","0.6","8.5","11.7","4.7","14.1","9.3"
"ASN00086282","2021-07-07","0.0","6.2","11.7","4.6","13.0","10.3"
"ASN00086282","2021-07-08","0.0","5.2","11.4","0.4","13.2","9.2"
"ASN00086282","2021-07-09","0.0","6.9","12.4","-0.1","9.0","4.9"
"ASN00086282","2021-07-10","0.2","8.3","13.7","2.0","10.5","6.8"
"ASN00086282","2021-07-11","0.0","10.7","14.4","1.8","29.6","16.5"
"ASN00086282","2021-07-12","0.0","10.6","14.5","8.3","35.0","26.7"
"ASN00086282","2021-07-13","0.0","10.6","13.4","5.7","26.0","17.4"
"ASN00086282","2021-07-14","2.0","10.8","13.3","8.0","29.3","25.0"
"ASN00086282","2021-07-15","1.2","12.1","","8.0","31.4","23.8"
"ASN00086282","2021-07-16","0.8","10.1","14.2","9.3","28.1","21.3"
"ASN00086282","2021-07-17","0.0","10.1","12.7","5.0","28.7","21.0"
"ASN00086282","2021-07-18","0.8","10.1","13.0","7.0","20.5","14.5"
"ASN00086282","2021-07-19","0.0","10.8","13.0","6.6","20.3","14.8"
"ASN00086282","2021-07-20","0.2","6.6","11.2","8.9","35.2","22.5"
"ASN00086282","2021-07-21","11.6","8.2","12.9","3.6","21.6","14.0"
"ASN00086282","2021-07-22","0.4","7.4","9.7","3.0","30.4","19.2"
"ASN00086282","2021-07-23","0.0","8.0","10.7","3.0","22.3","15.5"
"ASN00086282","2021-07-24","0.2","8.4","13.5","4.8","28.8","20.9"
"ASN00086282","2021-07-25","0.8","9.5","12.0","4.5","29.1","23.6"
"ASN00086282","2021-07-26","0.0","12.0","15.8","6.5","28.5","22.2"
"ASN00086282","2021-07-27","0.0","13.8","16.9","7.7","43.9","31.0"
"ASN00086282","2021-07-28","0.0","8.9","16.4","9.5","42.2","30.1"
"ASN00086282","2021-07-29","0.8","9.3","15.0","4.1","19.2","15.0"
"ASN00086282","2021-07-30","0.0","11.1","14.1","4.8","48.2","35.3"
"ASN00086282","2021-07-31","0.0","11.0","16.9","7.3","45.5","30.8"
"ASN00086282","2021-08-01","16.2","9.6","14.8","6.0","17.2","12.5"
"ASN00086282","2021-08-02","0.0","10.5","14.7","5.1","30.1","21.9"
"ASN00086282","2021-08-03","0.4","8.7","13.6","6.0","25.5","18.2"
"ASN00086282","2021-08-04","1.8","10.6","14.1","5.7","28.8","21.5"
"ASN00086282","2021-08-05","0.8","11.8","15.5","6.3","24.3","16.7"
"ASN00086282","2021-08-06","0.2","10.7","13.9","8.5","20.2","12.1"
"ASN00086282","2021-08-07","0.2","9.2","14.8","7.9","19.5","11.5"
"ASN00086282","2021-08-08","1.2","10.7","15.2","3.8","15.9","8.1"
"ASN00086282","2021-08-09","0.0","9.9","15.2","6.3","23.1","15.6"
"ASN00086282","2021-08-10","0.0","13.6","17.8","4.9","40.7","26.0"
"ASN00086282","2021-08-11","0.2","10.8","17.9","10.8","43.0","27.7"
"ASN00086282","2021-08-12","2.2","10.8","16.1","6.2","19.6","14.4"
"ASN00086282","2021-08-13","0.0","10.9","17.1","5.8","26.5","15.0"
"ASN00086282","2021-08-14","0.0","11.6","17.4","5.1","18.6","13.4"
"ASN00086282","2021-08-15","0.0","13.4","18.1","7.3","30.1","21.3"
"ASN00086282","2021-08-16","0.2","10.4","14.4","9.2","32.1","22.5"
"ASN00086282","2021-08-17","0.6","10.3","13.9","8.0","20.9","15.2"
"ASN00086282","2021-08-18","0.4","10.8","15.3","4.2","12.3","8.1"
"ASN00086282","2021-08-19","0.0","12.0","16.9","5.7","23.9","15.5"
"ASN00086282","2021-08-20","0.2","12.2","16.9","8.3","33.9","27.2"
"ASN00086282","2021-08-21","0.0","13.4","19.8","8.6","25.1","18.4"
"ASN00086282","2021-08-22","0.0","15.8","21.4","9.0","36.0","23.7"
"ASN00086282","2021-08-23","0.4","8.2","14.4","9.6","32.7","19.3"
"ASN00086282","2021-08-24","6.6","8.1","12.0","4.7","27.8","19.1"
"ASN00086282","2021-08-25","1.6","7.9","12.6","5.4","25.9","17.3"
"ASN00086282","2021-08-26","0.4","6.8","12.3","3.3","16.2","8.7"
"ASN00086282","2021-08-27","0.0","8.6","15.0","1.7","7.5","4.9"
"ASN00086282","2021-08-28","0.0","12.8","17.1","2.4","27.5","17.4"
"ASN00086282","2021-08-29","0.6","9.9","15.4","8.7","23.5","14.7"
"ASN00086282","2021-08-30","1.0","12.3","17.0","6.1","33.5","20.6"
"ASN00086282","2021-08-31","0.0","15.0","20.0","9.3","37.3","31.3"
"ASN00086282","2021-09-01","0.0","17.6","22.3","10.5","30.0","20.8"
"ASN00086282","2021-09-02","0.0","20.2","24.5","13.3","46.2","37.7"
"ASN00086282","2021-09-03","0.0","12.7","23.3","17.1","43.4","24.1"
"ASN00086282","2021-09-04","31.2","9.7","13.3","8.5","24.9","17.4"
"ASN00086282","2021-09-05","13.6","10.2","13.9","5.6","26.1","20.9"
"ASN00086282","2021-09-06","0.2","11.1","15.5","6.5","27.0","14.4"
"ASN00086282","2021-09-07","0.0","11.1","15.6","6.9","25.5","15.4"
"ASN00086282","2021-09-08","0.0","14.1","20.4","5.6","20.6","12.3"
"ASN00086282","2021-09-09","0.0","15.8","24.3","9.8","32.4","24.3"
"ASN00086282","2021-09-10","0.0","14.8","19.7","7.0","36.0","11.7"
"ASN00086282","2021-09-11","0.0","15.1","23.3","11.8","38.9","28.0"
"ASN00086282","2021-09-12","0.0","8.9","15.4","6.3","21.6","13.3"
"ASN00086282","2021-09-13","4.8","8.2","13.9","4.8","23.7","13.4"
"ASN00086282","2021-09-14","1.2","9.2","14.7","3.9","14.1","8.7"
"ASN00086282","2021-09-15","0.2","8.8","14.8","2.7","17.5","9.3"
"ASN00086282","2021-09-16","0.0","11.3","16.9","2.9","16.9","7.4"
"ASN00086282","2021-09-17","0.0","15.2","20.5","5.0","43.2","31.2"
"ASN00086282","2021-09-18","0.4","10.2","16.5","8.6","30.5","17.8"
"ASN00086282","2021-09-19","1.8","13.3","17.7","5.1","33.1","24.2"
"ASN00086282","2021-09-20","0.6","7.1","14.0","8.2","30.7","23.1"
"ASN00086282","2021-09-21","6.4","10.5","13.2","4.8","27.0","20.3"
"ASN00086282","2021-09-22","0.4","12.5","19.1","8.6","17.7","10.7"
"ASN00086282","2021-09-23","0.0","14.8","20.6","8.1","19.1","11.6"
"ASN00086282","2021-09-24","0.0","10.9","18.2","10.1","33.1","22.5"
"ASN00086282","2021-09-25","0.6","7.6","13.5","3.6","18.9","14.9"
"ASN00086282","2021-09-26","0.0","8.4","14.5","1.8","14.0","7.5"
"ASN00086282","2021-09-27","0.0","12.8","18.8","1.9","28.5","16.8"
"ASN00086282","2021-09-28","0.0","15.3","22.6","6.6","18.4","14.1"
"ASN00086282","2021-09-29","0.0","14.4","17.9","10.8","17.1","9.0"
"ASN00086282","2021-09-30","5.2","14.7","18.0","12.3","10.6","6.3"
"ASN00086282","2021-10-01","16.4","15.1","20.8","13.0","23.2","14.3"
"ASN00086282","2021-10-02","29.6","13.8","17.5","12.5","19.3","14.5"
"ASN00086282","2021-10-03","0.8","14.9","21.8","10.4","27.2","12.1"
"ASN00086282","2021-10-04","2.8","12.2","17.3","7.8","29.6","18.6"
"ASN00086282","2021-10-05","2.4","11.2","17.5","9.5","37.2","22.9"
"ASN00086282","2021-10-06","0.0","14.8","21.3","5.2","20.1","14.4"
"ASN00086282","2021-10-07","2.4","10.4","16.6","5.7","23.8","15.7"
"ASN00086282","2021-10-08","0.0","15.7","20.7","5.6","23.4","14.9"
"ASN00086282","2021-10-09","0.0","14.9","24.7","11.4","28.8","20.6"
"ASN00086282","2021-10-10","1.8","9.3","14.9","7.3","19.9","13.4"
"ASN00086282","2021-10-11","0.0","8.8","13.8","4.3","19.9","12.7"
"ASN00086282","2021-10-12","0.4","14.4","20.5","2.6","18.1","9.7"
"ASN00086282","2021-10-13","0.0","12.6","19.7","9.0","29.7","19.7"
"ASN00086282","2021-10-14","14.6","11.7","18.4","5.7","22.0","10.7"
"ASN00086282","2021-10-15","7.8","11.7","16.5","5.7","36.4","18.8"
"ASN00086282","2021-10-16","17.2","11.7","16.1","10.0","34.8","24.9"
"ASN00086282","2021-10-17","0.6","13.3","17.7","9.5","13.0","8.4"
"ASN00086282","2021-10-18","0.0","11.8","17.4","8.4","25.2","13.8"
"ASN00086282","2021-10-19","2.0","11.5","16.5","7.4","21.6","16.1"
"ASN00086282","2021-10-20","0.0","17.0","23.1","6.2","11.1","6.7"
"ASN00086282","2021-10-21","0.0","18.1","24.5","11.1","31.6","20.6"
"ASN00086282","2021-10-22","0.0","16.8","26.3","11.2","23.5","14.2"
"ASN00086282","2021-10-23","19.4","10.7","15.0","11.8","19.1","14.9"
"ASN00086282","2021-10-24","4.0","10.7","15.6","7.7","27.1","20.6"
"ASN00086282","2021-10-25","0.6","9.1","14.5","8.7","23.0","16.8"
"ASN00086282","2021-10-26","0.0","13.4","20.0","2.8","13.0","4.7"
"ASN00086282","2021-10-27","0.0","20.2","26.9","6.5","29.0","19.1"
"ASN00086282","2021-10-28","0.8","18.0","27.3","13.6","36.9","17.7"
"ASN00086282","2021-10-29","2.2","9.4","16.3","10.6","53.1","31.5"
"ASN00086282","2021-10-30","0.4","10.1","15.6","4.1","23.4","14.0"
"ASN00086282","2021-10-31","0.6","13.2","20.8","4.4","12.5","6.6"
"ASN00086282","2021-11-01","0.0","16.1","24.4","6.4","16.3","6.9"
"ASN00086282","2021-11-02","0.0","23.3","28.9","7.4","28.3","17.4"
"ASN00086282","2021-11-03","0.0","15.6","21.2","18.6","40.1","27.5"
"ASN00086282","2021-11-04","28.6","14.5","18.5","11.9","25.2","16.6"
"ASN00086282","2021-11-05","0.0","19.2","24.1","11.4","12.7","6.8"
"ASN00086282","2021-11-06","0.0","17.9","25.3","15.1","36.0","22.6"
"ASN00086282","2021-11-07","2.8","12.8","15.4","11.8","18.4","14.1"
"ASN00086282","2021-11-08","0.0","11.8","16.9","10.5","16.3","10.6"
"ASN00086282","2021-11-09","0.0","14.5","20.3","5.3","17.8","5.7"
"ASN00086282","2021-11-10","10.0","9.9","14.3","10.6","16.6","12.6"
"ASN00086282","2021-11-11","4.2","12.4","16.1","6.1","24.4","17.2"
"ASN00086282","2021-11-12","2.0","11.0","12.9","9.5","26.1","20.2"
"ASN00086282","2021-11-13","32.8","9.6","14.9","9.2","29.3","19.7"
"ASN00086282","2021-11-14","2.4","10.2","15.4","4.7","34.2","24.1"
"ASN00086282","2021-11-15","1.4","9.4","15.5","6.7","30.2","22.2"
"ASN00086282","2021-11-16","0.0","11.4","13.7","5.6","17.7","12.4"
"ASN00086282","2021-11-17","0.0","14.6","19.5","9.8","14.8","4.9"
"ASN00086282","2021-11-18","0.0","17.6","25.6","8.5","49.4","30.5"
"ASN00086282","2021-11-19","0.4","13.4","16.8","11.4","20.3","12.4"
"ASN00086282","2021-11-20","0.0","12.4","17.1","11.0","19.4","13.1"
"ASN00086282","2021-11-21","0.2","13.3","17.7","8.6","21.7","13.2"
"ASN00086282","2021-11-22","0.0","17.2","22.1","8.3","13.3","7.6"
"ASN00086282","2021-11-23","0.0","20.7","25.0","12.7","30.8","19.1"
"ASN00086282","2021-11-24","0.0","18.2","27.4","15.2","25.9","10.9"
"ASN00086282","2021-11-25","0.2","13.2","15.9","13.9","20.9","15.0"
"ASN00086282","2021-11-26","1.0","14.3","19.8","11.0","31.3","23.4"
"ASN00086282","2021-11-27","0.0","14.4","21.1","10.0","28.8","18.7"
"ASN00086282","2021-11-28","0.0","15.6","22.6","7.2","14.4","8.8"
"ASN00086282","2021-11-29","0.0","20.4","28.9","8.5","15.4","7.5"
"ASN00086282","2021-11-30","0.0","24.4","31.1","11.7","24.1","13.1"
"ASN00086282","2021-12-01","0.0","22.7","32.7","16.9","29.2","17.0"
"ASN00086282","2021-12-02","14.6","18.2","32.6","17.0","25.9","16.9"
"ASN00086282","2021-12-03","3.8","14.7","20.5","9.1","20.5","14.3"
"ASN00086282","2021-12-04","0.0","13.4","18.8","8.6","25.2","17.9"
"ASN00086282","2021-12-05","0.0","15.8","21.1","8.4","15.8","10.1"
"ASN00086282","2021-12-06","0.0","19.7","26.8","10.1","35.3","19.7"
"ASN00086282","2021-12-07","0.2","11.9","14.9","13.5","23.3","14.6"
"ASN00086282","2021-12-08","7.2","12.8","16.8","8.7","30.0","18.9"
"ASN00086282","2021-12-09","7.2","13.9","16.7","10.1","28.8","22.8"
"ASN00086282","2021-12-10","0.6","14.8","18.7","12.4","28.1","20.3"
"ASN00086282","2021-12-11","0.0","15.4","22.1","11.9","17.9","12.7"
"ASN00086282","2021-12-12","0.0","21.1","28.3","8.1","17.2","8.6"
"ASN00086282","2021-12-13","0.0","21.8","32.2","12.5","32.0","16.6"
"ASN00086282","2021-12-14","0.0","17.4","23.3","14.7","16.3","9.9"
"ASN00086282","2021-12-15","0.0","13.6","16.6","13.2","19.1","11.4"
"ASN00086282","2021-12-16","0.0","14.7","21.2","8.4","19.1","13.2"
"ASN00086282","2021-12-17","0.0","25.2","30.3","7.0","24.7","12.0"
"ASN00086282","2021-12-18","0.0","19.9","34.9","15.8","40.4","21.7"
"ASN00086282","2021-12-19","0.6","15.3","23.9","13.0","35.7","17.0"
"ASN00086282","2021-12-20","0.6","18.7","28.8","8.0","19.6","13.1"
"ASN00086282","2021-12-21","0.0","18.8","26.9","10.8","21.6","9.6"
"ASN00086282","2021-12-22","0.0","15.8","20.5","14.1","17.7","14.5"
"ASN00086282","2021-12-23","0.0","15.4","21.1","13.3","17.7","10.4"
"ASN00086282","2021-12-24","0.0","20.1","28.1","9.3","17.0","8.3"
"ASN00086282","2021-12-25","0.0","16.8","22.8","14.1","24.0","16.0"
"ASN00086282","2021-12-26","0.0","14.8","19.1","14.1","29.6","22.7"
"ASN00086282","2021-12-27","0.0","16.0","23.3","12.7","29.2","22.9"
"ASN00086282","2021-12-28","0.0","16.8","23.6","8.1","21.7","13.2"
"ASN00086282","2021-12-29","0.0","18.1","26.3","10.7","19.5","9.7"
"ASN00086282","2021-12-30","0.0","25.6","34.6","12.2","17.3","7.3"
"ASN00086282","2021-12-31","0.0","29.2","38.3","17.1","30.4","15.7"
"ASN00086282","2022-01-01","0.0","26.3","38.4","18.2","27.0","14.9"
"ASN00086282","2022-01-02","0.0","20.9","32.6","19.9","21.4","11.9"
"ASN00086282","2022-01-03","0.0","17.3","21.8","15.3","23.1","17.5"
"ASN00086282","2022-01-04","0.0","19.6","22.9","14.5","19.8","16.2"
"ASN00086282","2022-01-05","0.0","22.2","30.1","15.8","20.2","11.1"
"ASN00086282","2022-01-06","0.0","24.0","30.6","15.4","20.9","9.1"
"ASN00086282","2022-01-07","0.0","19.6","27.0","17.6","28.7","14.9"
"ASN00086282","2022-01-08","19.2","16.8","20.8","16.4","19.6","15.5"
"ASN00086282","2022-01-09","0.4","17.6","23.3","14.4","16.9","9.7"
"ASN00086282","2022-01-10","0.0","23.0","31.6","12.4","18.8","9.0"
"ASN00086282","2022-01-11","0.0","21.8","29.3","16.6","24.5","14.7"
"ASN00086282","2022-01-12","0.0","22.9","30.5","14.8","23.2","9.2"
"ASN00086282","2022-01-13","0.0","25.2","35.2","15.3","24.1","12.8"
"ASN00086282","2022-01-14","0.4","24.8","33.4","17.6","34.7","17.1"
"ASN00086282","2022-01-15","0.2","19.5","25.3","17.6","21.3","13.0"
"ASN00086282","2022-01-16","0.0","24.2","31.5","15.7","16.2","7.0"
"ASN00086282","2022-01-17","0.0","19.0","25.0","17.2","24.6","15.4"
"ASN00086282","2022-01-18","0.0","17.6","22.8","16.2","26.7","17.3"
"ASN00086282","2022-01-19","0.0","19.4","27.7","13.7","28.3","16.7"
"ASN00086282","2022-01-20","0.0","22.0","29.8","11.0","17.1","9.0"
"ASN00086282","2022-01-21","0.0","23.6","31.7","15.1","26.4","14.9"
"ASN00086282","2022-01-22","0.0","25.0","33.3","15.5","27.5","14.8"
"ASN00086282","2022-01-23","0.0","25.9","34.1","15.8","20.4","9.7"
"ASN00086282","2022-01-24","0.0","26.2","35.1","17.5","22.0","9.3"
"ASN00086282","2022-01-25","0.0","25.1","34.4","17.3","20.5","9.6"
"ASN00086282","2022-01-26","0.0","27.7","37.3","16.6","16.5","10.6"
"ASN00086282","2022-01-27","12.2","26.8","33.3","19.6","33.2","25.2"
"ASN00086282","2022-01-28","3.6","21.1","34.5","21.1","36.0","20.2"
"ASN00086282","2022-01-29","22.0","19.2","21.6","16.9","19.8","15.1"
"ASN00086282","2022-01-30","0.2","23.0","28.7","17.5","12.4","7.1"
"ASN00086282","2022-01-31","0.0","26.7","35.2","19.2","20.5","9.4"
"ASN00086282","2022-02-01","0.0","17.6","25.4","19.2","31.3","18.4"
"ASN00086282","2022-02-02","0.0","14.2","19.3","12.4","26.9","21.0"
"ASN00086282","2022-02-03","0.2","15.0","18.7","10.1","32.4","21.9"
"ASN00086282","2022-02-04","0.0","17.8","23.6","9.7","23.9","14.8"
"ASN00086282","2022-02-05","0.0","19.7","26.3","11.5","14.0","8.4"
"ASN00086282","2022-02-06","0.0","20.6","27.9","12.5","15.5","8.2"
"ASN00086282","2022-02-07","0.0","21.1","28.4","12.4","18.1","8.9"
"ASN00086282","2022-02-08","0.0","24.1","31.1","12.2","23.0","11.4"
"ASN00086282","2022-02-09","0.0","20.4","32.0","17.2","24.9","16.0"
"ASN00086282","2022-02-10","2.2","18.2","24.0","15.0","24.6","15.4"
"ASN00086282","2022-02-11","0.0","17.3","22.3","14.0","27.0","19.6"
"ASN00086282","2022-02-12","0.0","21.7","28.8","12.4","21.1","8.0"
"ASN00086282","2022-02-13","0.0","24.6","33.3","14.3","40.4","23.9"
"ASN00086282","2022-02-14","0.0","22.4","34.6","14.5","24.2","12.7"
"ASN00086282","2022-02-15","0.0","18.3","24.9","17.3","16.3","11.1"
"ASN00086282","2022-02-16","0.0","20.2","27.7","14.0","13.0","6.9"
"ASN00086282","2022-02-17","0.0","18.0","24.1","15.7","18.7","13.6"
"ASN00086282","2022-02-18","0.0","17.1","22.3","12.1","26.3","18.9"
"ASN00086282","2022-02-19","0.0","16.7","24.4","13.4","17.1","10.5"
"ASN00086282","2022-02-20","0.0","18.4","29.5","10.9","22.9","10.7"
"ASN00086282","2022-02-21","2.2","15.9","20.8","10.6","21.4","16.7"
"ASN00086282","2022-02-22","0.0","17.6","24.9","10.5","15.8","10.2"
"ASN00086282","2022-02-23","0.0","24.1","33.2","11.9","24.7","12.9"
"ASN00086282","2022-02-24","0.2","19.3","23.9","17.2","17.7","12.1"
"ASN00086282","2022-02-25","0.0","18.6","23.7","16.6","21.4","15.3"
"ASN00086282","2022-02-26","0.0","21.1","29.3","15.1","18.7","10.1"
"ASN00086282","2022-02-27","0.0","21.0","26.8","14.9","16.4","9.0"
"ASN00086282","2022-02-28","0.0","20.4","25.8","17.6","13.8","9.9"
"ASN00086282","2022-03-01","0.6","21.3","25.9","18.1","13.0","7.7"
"ASN00086282","2022-03-02","7.6","21.8","29.4","18.7","11.4","5.1"
"ASN00086282","2022-03-03","0.0","23.2","30.6","15.2","14.4","6.7"
"ASN00086282","2022-03-04","0.0","23.6","32.8","15.5","22.3","11.7"
"ASN00086282","2022-03-05","37.6","17.7","21.8","16.4","26.4","17.6"
"ASN00086282","2022-03-06","10.2","16.6","20.8","14.8","26.3","22.1"
"ASN00086282","2022-03-07","1.8","18.2","24.0","12.8","23.4","15.4"
"ASN00086282","2022-03-08","7.0","16.8","20.5","14.3","32.5","24.4"
"ASN00086282","2022-03-09","0.0","15.8","21.4","13.3","31.3","21.8"
"ASN00086282","2022-03-10","0.0","15.9","20.8","11.3","22.0","13.3"
"ASN00086282","2022-03-11","0.0","14.2","20.7","10.7","14.8","8.5"
"ASN00086282","2022-03-12","0.0","16.9","22.4","8.8","16.0","8.1"
"ASN00086282","2022-03-13","0.0","22.0","29.1","12.5","27.2","14.5"
"ASN00086282","2022-03-14","0.0","21.9","28.6","14.5","15.6","7.8"
"ASN00086282","2022-03-15","0.0","20.7","26.0","16.3","21.0","9.3"
"ASN00086282","2022-03-16","0.2","19.4","23.4","16.6","27.2","17.3"
"ASN00086282","2022-03-17","0.0","21.8","30.5","16.2","20.5","13.6"
"ASN00086282","2022-03-18","0.2","16.6","21.7","18.0","22.3","14.6"
"ASN00086282","2022-03-19","0.2","21.9","30.4","11.8","16.9","9.5"
"ASN00086282","2022-03-20","0.0","20.1","27.5","14.8","22.3","8.0"
"ASN00086282","2022-03-21","0.0","21.4","30.4","16.9","19.5","8.3"
"ASN00086282","2022-03-22","0.0","15.9","22.4","16.4","17.1","9.6"
"ASN00086282","2022-03-23","1.6","14.5","19.7","10.4","23.7","14.8"
"ASN00086282","2022-03-24","0.0","16.2","20.5","10.0","17.6","10.1"
"ASN00086282","2022-03-25","0.0","15.2","20.8","12.2","17.2","10.1"
"ASN00086282","2022-03-26","0.0","17.2","24.6","9.7","12.7","7.3"
"ASN00086282","2022-03-27","0.0","22.6","28.7","10.6","25.2","13.9"
"ASN00086282","2022-03-28","0.0","18.7","25.8","17.1","20.0","13.5"
"ASN00086282","2022-03-29","0.0","16.8","20.5","14.7","16.9","10.9"
"ASN00086282","2022-03-30","0.0","16.3","21.0","14.7","26.8","20.3"
"ASN00086282","2022-03-31","0.0","15.8","21.4","13.2","29.8","21.1"
"ASN00086282","2022-04-01","0.4","15.1","19.5","12.0","29.0","22.1"
"ASN00086282","2022-04-02","0.0","15.2","17.4","12.3","26.1","19.1"
"ASN00086282","2022-04-03","3.0","15.1","17.3","13.3","14.7","10.5"
"ASN00086282","2022-04-04","0.4","13.4","18.1","13.3","15.1","10.9"
"ASN00086282","2022-04-05","0.4","15.7","20.0","7.6","16.8","7.4"
"ASN00086282","2022-04-06","0.0","15.1","20.5","11.8","14.5","7.9"
"ASN00086282","2022-04-07","0.0","16.2","23.2","10.1","20.9","8.7"
"ASN00086282","2022-04-08","0.0","18.8","23.8","11.2","9.7","6.0"
"ASN00086282","2022-04-09","0.0","19.2","25.4","14.7","25.9","17.4"
"ASN00086282","2022-04-10","0.0","20.2","26.5","14.5","26.1","20.1"
"ASN00086282","2022-04-11","1.8","13.3","18.3","13.2","19.6","13.9"
"ASN00086282","2022-04-12","0.0","14.1","18.2","9.0","19.1","11.8"
"ASN00086282","2022-04-13","0.0","14.2","20.7","10.1","13.7","7.5"
"ASN00086282","2022-04-14","0.0","19.1","24.8","7.9","25.3","13.1"
"ASN00086282","2022-04-15","0.0","18.8","26.3","13.6","22.7","15.0"
"ASN00086282","2022-04-16","0.0","21.0","28.3","12.1","19.8","11.0"
"ASN00086282","2022-04-17","0.0","21.1","27.9","14.4","28.9","20.7"
"ASN00086282","2022-04-18","14.4","15.1","17.2","14.8","16.7","9.7"
"ASN00086282","2022-04-19","16.0","11.5","14.7","14.0","20.6","10.8"
"ASN00086282","2022-04-20","8.8","13.6","18.8","7.7","19.2","12.1"
"ASN00086282","2022-04-21","0.6","12.6","16.3","9.2","17.7","12.9"
"ASN00086282","2022-04-22","0.0","11.2","16.8","4.8","15.5","10.2"
"ASN00086282","2022-04-23","0.0","13.0","17.9","6.3","13.7","8.1"
"ASN00086282","2022-04-24","0.0","11.7","17.8","6.6","9.7","5.7"
"ASN00086282","2022-04-25","0.0","14.8","23.0","7.1","16.6","8.4"
"ASN00086282","2022-04-26","0.0","16.9","22.1","7.5","13.4","8.0"
"ASN00086282","2022-04-27","0.0","17.7","22.3","12.3","13.2","7.2"
"ASN00086282","2022-04-28","0.0","17.9","20.9","15.0","21.7","17.1"
"ASN00086282","2022-04-29","0.0","15.9","19.8","16.3","33.7","21.8"
"ASN00086282","2022-04-30","22.4","13.1","17.2","9.6","23.8","16.0"
"ASN00086282","2022-05-01","0.0","14.9","19.5","9.7","20.1","14.2"
"ASN00086282","2022-05-02","0.0","15.2","21.4","11.7","18.1","14.5"
"ASN00086282","2022-05-03","0.0","14.6","20.3","10.0","28.1","18.8"
"ASN00086282","2022-05-04","0.0","9.8","15.1","10.6","24.2","13.7"
"ASN00086282","2022-05-05","0.8","8.6","14.0","4.9","13.4","9.4"
"ASN00086282","2022-05-06","0.0","10.8","14.7","3.5","20.6","13.2"
"ASN00086282","2022-05-07","1.8","11.6","16.1","8.1","28.3","20.3"
"ASN00086282","2022-05-08","0.2","11.2","14.7","7.6","17.1","11.9"
"ASN00086282","2022-05-09","0.0","10.1","16.5","5.4","11.3","4.0"
"ASN00086282","2022-05-10","0.0","12.6","18.9","4.5","10.2","6.1"
"ASN00086282","2022-05-11","0.0","14.3","17.9","8.5","10.7","6.6"
"ASN00086282","2022-05-12","0.0","14.8","19.3","11.2","10.0","5.4"
"ASN00086282","2022-05-13","0.6","16.3","17.8","12.6","13.0","5.4"
"ASN00086282","2022-05-14","0.0","15.1","18.1","13.9","25.2","17.7"
"ASN00086282","2022-05-15","1.6","15.3","20.9","11.1","27.8","19.9"
"ASN00086282","2022-05-16","0.6","10.9","16.8","9.2","21.7","15.9"
"ASN00086282","2022-05-17","1.4","11.6","15.7","6.3","25.4","17.7"
"ASN00086282","2022-05-18","0.0","9.9","15.3","8.5","27.3","18.8"
"ASN00086282","2022-05-19","0.6","11.6","14.3","6.0","20.3","13.9"
"ASN00086282","2022-05-20","0.0","8.7","13.9","9.9","12.0","6.8"
"ASN00086282","2022-05-21","0.0","10.2","15.7","2.9","8.6","6.0"
"ASN00086282","2022-05-22","0.0","8.7","13.6","6.6","8.6","7.0"
"ASN00086282","2022-05-23","0.0","10.4","18.0","5.3","8.2","5.4"
"ASN00086282","2022-05-24","0.0","12.3","19.5","4.8","15.0","8.9"
"ASN00086282","2022-05-25","0.0","13.9","18.7","5.8","22.7","16.7"
"ASN00086282","2022-05-26","0.0","12.9","14.8","10.0","28.5","19.8"
"ASN00086282","2022-05-27","3.2","11.0","16.5","10.9","9.3","5.9"
"ASN00086282","2022-05-28","0.0","9.6","14.8","5.9","12.2","7.9"
"ASN00086282","2022-05-29","0.0","9.6","15.6","5.6","15.5","9.7"
"ASN00086282","2022-05-30","0.0","8.2","10.0","4.7","23.1","13.5"
"ASN00086282","2022-05-31","6.4","6.9","10.4","5.3","30.0","22.8"
"ASN00086282","2022-06-01","4.4","7.8","11.4","4.4","34.1","24.9"
"ASN00086282","2022-06-02","3.2","7.8","12.2","3.3","14.1","9.5"
"ASN00086282","2022-06-03","0.0","8.9","12.1","3.0","26.4","19.5"
"ASN00086282","2022-06-04","0.0","11.4","14.8","6.5","33.4","26.0"
"ASN00086282","2022-06-05","0.2","9.1","13.8","9.1","43.4","29.6"
"ASN00086282","2022-06-06","0.8","8.0","13.2","6.3","29.9","20.8"
"ASN00086282","2022-06-07","2.2","8.1","11.8","3.8","27.8","19.5"
"ASN00086282","2022-06-08","0.2","9.4","12.0","6.2","25.0","18.5"
"ASN00086282","2022-06-09","0.2","10.3","13.3","7.7","26.3","20.1"
"ASN00086282","2022-06-10","0.2","9.9","14.4","7.4","30.3","18.8"
"ASN00086282","2022-06-11","1.0","10.3","12.3","7.4","32.7","21.8"
"ASN00086282","2022-06-12","0.2","9.7","12.6","8.8","29.4","21.6"
"ASN00086282","2022-06-13","2.8","8.8","12.9","7.7","14.7","8.9"
"ASN00086282","2022-06-14","0.0","10.1","12.9","5.1","39.7","20.2"
"ASN00086282","2022-06-15","0.0","10.6","12.9","8.6","40.0","34.1"
"ASN00086282","2022-06-16","0.2","11.3","14.0","8.1","22.8","15.2"
"ASN00086282","2022-06-17","9.2","9.7","13.5","9.5","14.5","9.3"
"ASN00086282","2022-06-18","0.0","8.7","16.0","5.6","10.4","5.2"
"ASN00086282","2022-06-19","0.0","11.4","14.1","2.8","23.1","15.9"
"ASN00086282","2022-06-20","0.0","12.9","17.0","7.8","28.9","24.5"
"ASN00086282","2022-06-21","2.2","10.3","15.0","9.0","21.4","12.4"
"ASN00086282","2022-06-22","0.4","11.9","15.3","6.4","18.0","13.0"
"ASN00086282","2022-06-23","0.0","13.3","15.6","9.2","34.8","23.0"
"ASN00086282","2022-06-24","1.2","11.3","15.7","10.6","32.8","16.1"
"ASN00086282","2022-06-25","0.0","11.6","15.2","7.2","23.7","19.0"
"ASN00086282","2022-06-26","0.0","7.9","13.2","8.4","21.1","15.1"
"ASN00086282","2022-06-27","2.0","7.7","12.6","4.4","17.7","11.4"
"ASN00086282","2022-06-28","0.0","8.7","12.9","4.2","22.4","13.3"
"ASN00086282","2022-06-29","0.0","7.4","9.9","5.3","26.6","18.9"
"ASN00086282","2022-06-30","0.0","8.4","14.3","2.1","15.9","8.7"
"ASN00086282","2022-07-01","0.0","8.6","11.7","4.2","17.8","11.1"
"ASN00086282","2022-07-02","0.0","7.3","11.9","5.1","18.5","9.6"
"ASN00086282","2022-07-03","0.0","7.9","12.1","3.8","21.2","12.0"
"ASN00086282","2022-07-04","0.0","9.8","12.7","3.2","18.1","13.0"
"ASN00086282","2022-07-05","0.4","6.9","13.6","6.7","18.0","11.5"
"ASN00086282","2022-07-06","0.2","9.4","16.9","-0.5","15.1","8.9"
"ASN00086282","2022-07-07","0.0","10.2","14.1","3.2","22.8","16.2"
"ASN00086282","2022-07-08","0.6","8.3","11.7","7.5","28.4","21.5"
"ASN00086282","2022-07-09","12.6","8.1","12.7","5.9","16.6","12.4"
"ASN00086282","2022-07-10","0.2","9.3","15.6","2.3","13.2","7.5"
"ASN00086282","2022-07-11","0.0","9.1","13.4","4.5","22.1","18.2"
"ASN00086282","2022-07-12","1.8","7.4","10.1","5.1","12.0","8.5"
"ASN00086282","2022-07-13","4.2","8.1","12.4","4.6","23.3","15.6"
"ASN00086282","2022-07-14","1.0","9.1","11.7","4.7","11.9","9.4"
"ASN00086282","2022-07-15","0.0","10.1","14.3","5.9","21.1","10.7"
"ASN00086282","2022-07-16","0.0","9.8","12.5","7.3","40.8","33.8"
"ASN00086282","2022-07-17","0.0","8.4","16.7","7.3","37.8","23.7"
"ASN00086282","2022-07-18","0.4","6.4","10.6","4.3","22.9","16.5"
"ASN00086282","2022-07-19","2.0","4.3","11.1","2.5","11.0","6.6"
"ASN00086282","2022-07-20","0.2","5.3","12.4","-1.5","9.0","6.0"
"ASN00086282","2022-07-21","0.0","8.3","15.5","-0.2","7.9","4.7"
"ASN00086282","2022-07-22","0.0","11.9","17.6","1.5","21.6","15.0"
"ASN00086282","2022-07-23","0.2","11.5","13.4","5.8","26.3","18.2"
"ASN00086282","2022-07-24","6.0","11.9","17.4","9.7","20.0","15.7"
"ASN00086282","2022-07-25","0.0","10.4","13.9","6.9","32.0","23.5"
"ASN00086282","2022-07-26","4.6","9.6","12.3","6.0","31.6","20.4"
"ASN00086282","2022-07-27","1.8","11.3","15.6","6.6","17.8","13.8"
"ASN00086282","2022-07-28","0.8","7.9","13.2","6.6","15.3","11.3"
"ASN00086282","2022-07-29","1.2","5.7","12.3","4.2","12.0","9.6"
"ASN00086282","2022-07-30","0.0","9.4","12.5","-1.1","29.3","18.4"
"ASN00086282","2022-07-31","0.0","9.9","13.9","5.8","41.4","30.2"
"ASN00086282","2022-08-01","0.0","10.9","14.8","6.6","32.2","20.4"
"ASN00086282","2022-08-02","0.2","12.2","16.0","6.6","49.0","27.1"
"ASN00086282","2022-08-03","2.6","15.2","18.1","9.1","51.8","32.7"
"ASN00086282","2022-08-04","1.8","13.7","17.9","11.1","36.9","22.5"
"ASN00086282","2022-08-05","0.0","9.8","14.2","11.0","18.4","12.6"
"ASN00086282","2022-08-06","0.0","9.9","13.8","5.6","11.8","7.3"
"ASN00086282","2022-08-07","0.4","8.8","14.5","5.8","8.7","6.5"
"ASN00086282","2022-08-08","0.0","6.7","14.4","2.9","11.9","5.7"
"ASN00086282","2022-08-09","5.0","6.7","13.5","0.4","10.6","5.7"
"ASN00086282","2022-08-10","0.0","10.8","12.0","1.4","28.3","17.8"
"ASN00086282","2022-08-11","0.0","10.9","14.0","6.4","28.8","23.5"
"ASN00086282","2022-08-12","1.8","10.0","15.0","8.6","28.0","18.7"
"ASN00086282","2022-08-13","0.0","9.8","16.6","4.6","9.0","5.8"
"ASN00086282","2022-08-14","0.8","11.2","14.6","6.1","28.5","21.6"
"ASN00086282","2022-08-15","0.0","11.6","15.9","8.1","28.4","21.5"
"ASN00086282","2022-08-16","1.4","9.6","14.0","9.5","23.1","17.6"
"ASN00086282","2022-08-17","1.2","11.7","15.5","4.4","44.8","19.5"
"ASN00086282","2022-08-18","2.4","10.4","14.2","8.2","46.6","24.8"
"ASN00086282","2022-08-19","8.4","12.1","15.5","5.2","22.5","16.4"
"ASN00086282","2022-08-20","1.4","8.9","13.0","9.7","25.0","16.4"
"ASN00086282","2022-08-21","0.2","10.3","14.3","5.6","25.6","11.9"
"ASN00086282","2022-08-22","0.0","9.3","17.2","8.0","29.3","21.7"
"ASN00086282","2022-08-23","8.4","8.1","12.3","4.6","25.2","17.8"
"ASN00086282","2022-08-24","3.4","10.4","12.6","5.6","23.2","16.9"
"ASN00086282","2022-08-25","4.2","11.1","14.9","9.2","20.0","13.3"
"ASN00086282","2022-08-26","1.4","10.2","13.1","9.2","10.4","5.8"
"ASN00086282","2022-08-27","0.0","12.8","18.9","6.6","18.3","10.5"
"ASN00086282","2022-08-28","0.2","14.9","19.1","7.7","27.0","20.9"
"ASN00086282","2022-08-29","0.0","11.8","15.0","10.6","36.6","25.3"
"ASN00086282","2022-08-30","16.2","9.1","14.2","7.4","29.4","18.6"
"ASN00086282","2022-08-31","0.6","9.8","15.8","4.1","21.0","10.3"
"ASN00086282","2022-09-01","0.0","10.7","14.7","4.3","20.2","9.3"
"ASN00086282","2022-09-02","5.2","7.9","12.5","5.7","24.9","16.1"
"ASN00086282","2022-09-03","0.4","9.7","14.5","4.5","18.0","11.8"
"ASN00086282","2022-09-04","1.0","8.4","11.8","6.5","17.8","8.5"
"ASN00086282","2022-09-05","0.0","8.6","15.1","4.9","19.0","9.4"
"ASN00086282","2022-09-06","0.0","9.8","17.7","2.6","14.5","6.9"
"ASN00086282","2022-09-07","0.0","14.9","19.3","2.8","19.7","14.4"
"ASN00086282","2022-09-08","4.6","13.7","16.3","11.0","36.2","24.6"
"ASN00086282","2022-09-09","0.6","14.0","19.8","10.4","29.0","19.7"
"ASN00086282","2022-09-10","2.0","10.4","15.7","9.9","26.0","17.3"
"ASN00086282","2022-09-11","0.0","10.6","16.2","4.7","23.4","15.7"
"ASN00086282","2022-09-12","3.4","7.9","13.5","5.2","18.6","13.5"
"ASN00086282","2022-09-13","0.2","6.6","12.4","3.4","9.8","6.8"
"ASN00086282","2022-09-14","0.0","12.9","17.2","0.8","33.7","22.1"
"ASN00086282","2022-09-15","4.0","12.2","14.9","10.2","31.9","22.5"
"ASN00086282","2022-09-16","0.0","11.3","17.3","9.6","29.0","19.6"
"ASN00086282","2022-09-17","2.4","10.9","13.8","7.6","33.0","25.0"
"ASN00086282","2022-09-18","4.6","10.6","16.8","9.5","23.7","17.1"
"ASN00086282","2022-09-19","6.2","11.2","15.8","5.5","22.0","13.8"
"ASN00086282","2022-09-20","0.0","14.2","18.6","6.4","25.8","18.4"
"ASN00086282","2022-09-21","0.4","13.7","20.1","10.5","21.0","8.6"
"ASN00086282","2022-09-22","0.2","14.6","19.3","8.0","12.6","7.3"
"ASN00086282","2022-09-23","0.0","11.3","16.3","11.9","19.8","10.3"
"ASN00086282","2022-09-24","2.2","8.6","15.1","6.2","21.1","14.8"
"ASN00086282","2022-09-25","0.0","13.7","18.5","3.2","16.1","7.5"
"ASN00086282","2022-09-26","0.0","11.3","14.2","10.8","22.0","16.5"
"ASN00086282","2022-09-27","1.4","12.7","14.5","9.8","24.1","12.6"
"ASN00086282","2022-09-28","10.2","11.6","15.8","11.8","27.0","20.8"
"ASN00086282","2022-09-29","0.0","11.0","15.2","9.0","22.1","14.3"
"ASN00086282","2022-09-30","0.0","12.1","19.4","6.2","11.9","8.0"
"ASN00086282","2022-10-01","0.0","11.5","18.4","6.1","12.4","7.7"
"ASN00086282","2022-10-02","0.0","11.2","18.3","5.1","16.6","8.7"
"ASN00086282","2022-10-03","0.0","14.1","21.3","5.1","11.3","5.1"
"ASN00086282","2022-10-04","0.0","11.0","15.6","8.4","17.9","10.0"
"ASN00086282","2022-10-05","0.0","12.3","14.4","7.7","16.6","7.6"
"ASN00086282","2022-10-06","8.6","16.6","20.0","10.3","35.8","25.0"
"ASN00086282","2022-10-07","15.8","12.6","20.8","14.1","18.8","11.6"
"ASN00086282","2022-10-08","21.2","9.1","15.9","6.5","20.1","12.1"
"ASN00086282","2022-10-09","0.0","8.5","14.0","3.6","17.2","10.9"
"ASN00086282","2022-10-10","0.0","11.7","18.0","3.2","10.4","6.4"
"ASN00086282","2022-10-11","0.0","16.2","20.9","6.2","26.8","15.8"
"ASN00086282","2022-10-12","2.0","15.7","16.6","11.8","38.6","30.2"
"ASN00086282","2022-10-13","10.2","12.4","16.2","14.4","41.2","27.8"
"ASN00086282","2022-10-14","22.8","12.3","17.9","8.4","32.2","19.4"
"ASN00086282","2022-10-15","0.6","13.9","18.6","7.4","14.5","9.4"
"ASN00086282","2022-10-16","1.0","9.8","17.4","10.2","19.9","10.1"
"ASN00086282","2022-10-17","0.0","9.7","16.3","3.3","14.6","7.7"
"ASN00086282","2022-10-18","0.0","12.9","20.1","4.9","8.3","6.0"
"ASN00086282","2022-10-19","0.0","14.8","22.0","4.9","17.7","8.2"
"ASN00086282","2022-10-20","0.0","16.1","21.6","8.4","17.2","10.9"
"ASN00086282","2022-10-21","0.0","19.2","25.3","11.2","15.8","8.2"
"ASN00086282","2022-10-22","38.0","15.4","20.3","15.8","18.1","10.5"
"ASN00086282","2022-10-23","4.8","15.0","19.5","12.8","21.9","14.4"
"ASN00086282","2022-10-24","2.2","16.3","19.3","12.3","20.1","13.0"
"ASN00086282","2022-10-25","3.2","18.3","23.6","13.5","12.2","5.7"
"ASN00086282","2022-10-26","0.4","16.7","21.0","14.9","15.6","9.3"
"ASN00086282","2022-10-27","2.6","13.8","18.7","14.2","24.9","17.3"
"ASN00086282","2022-10-28","3.8","11.0","14.8","9.8","28.6","22.9"
"ASN00086282","2022-10-29","5.2","11.4","17.2","8.4","25.7","14.1"
"ASN00086282","2022-10-30","3.6","18.1","20.4","6.7","49.0","21.5"
"ASN00086282","2022-10-31","0.0","12.4","21.2","12.8","45.4","23.7"
"ASN00086282","2022-11-01","2.8","8.3","14.3","7.7","25.3","18.2"
"ASN00086282","2022-11-02","1.8","11.1","14.9","5.1","29.2","22.2"
"ASN00086282","2022-11-03","1.2","11.4","14.7","7.7","21.1","14.8"
"ASN00086282","2022-11-04","0.0","13.5","18.3","5.6","13.4","8.7"
"ASN00086282","2022-11-05","0.0","16.6","23.5","11.2","17.7","8.5"
"ASN00086282","2022-11-06","0.0","18.8","26.3","9.3","19.4","9.7"
"ASN00086282","2022-11-07","0.0","19.8","26.0","10.6","18.8","9.1"
"ASN00086282","2022-11-08","0.0","19.6","27.8","12.9","21.9","13.3"
"ASN00086282","2022-11-09","5.2","22.6","28.3","14.3","21.1","16.0"
"ASN00086282","2022-11-10","0.0","19.6","24.4","17.3","40.8","25.2"
"ASN00086282","2022-11-11","3.2","15.6","20.5","15.2","19.8","11.6"
"ASN00086282","2022-11-12","1.0","16.2","20.2","12.8","16.3","10.2"
"ASN00086282","2022-11-13","5.4","18.5","24.8","13.7","23.8","12.1"
"ASN00086282","2022-11-14","3.6","11.2","17.9","12.0","33.0","20.5"
"ASN00086282","2022-11-15","8.6","7.7","12.7","6.9","25.0","17.2"
"ASN00086282","2022-11-16","5.0","10.2","13.5","4.7","24.1","18.8"
"ASN00086282","2022-11-17","2.0","10.8","16.5","7.8","19.2","14.8"
"ASN00086282","2022-11-18","0.8","18.5","23.5","4.4","22.4","10.2"
"ASN00086282","2022-11-19","0.0","15.3","20.0","12.2","50.2","29.3"
"ASN00086282","2022-11-20","22.2","11.9","19.7","10.2","33.9","24.5"
"ASN00086282","2022-11-21","3.4","9.4","13.6","7.2","40.4","30.0"
"ASN00086282","2022-11-22","7.0","13.9","18.2","5.5","29.5","20.5"
"ASN00086282","2022-11-23","0.4","14.0","17.6","10.3","23.3","15.2"
"ASN00086282","2022-11-24","0.0","13.7","19.6","11.8","17.9","10.6"
"ASN00086282","2022-11-25","0.0","15.3","21.3","8.9","12.6","7.9"
"ASN00086282","2022-11-26","0.0","18.7","27.0","9.1","34.7","19.5"
"ASN00086282","2022-11-27","0.6","13.0","20.9","11.6","24.2","14.9"
"ASN00086282","2022-11-28","0.6","14.6","18.1","6.4","17.2","13.7"
"ASN00086282","2022-11-29","0.0","14.0","18.8","10.7","20.9","15.6"
"ASN00086282","2022-11-30","0.0","15.0","19.1","9.3","20.2","10.1"
"ASN00086282","2022-12-01","0.4","13.7","18.9","12.2","20.9","14.4"
"ASN00086282","2022-12-02","0.0","18.1","24.3","7.6","14.6","6.9"
"ASN00086282","2022-12-03","0.0","23.1","30.7","12.4","22.5","9.5"
"ASN00086282","2022-12-04","0.0","24.9","33.8","14.7","24.3","15.0"
"ASN00086282","2022-12-05","0.0","13.8","18.8","14.7","35.2","25.4"
"ASN00086282","2022-12-06","1.2","15.4","20.7","11.2","19.9","12.3"
"ASN00086282","2022-12-07","0.0","13.0","20.2","10.5","30.3","15.5"
"ASN00086282","2022-12-08","0.0","11.4","16.3","6.8","29.4","22.3"
"ASN00086282","2022-12-09","0.2","12.0","17.2","7.6","21.6","16.4"
"ASN00086282","2022-12-10","0.0","20.2","26.7","5.2","21.6","10.9"
"ASN00086282","2022-12-11","0.0","17.2","28.6","13.5","37.5","18.5"
"ASN00086282","2022-12-12","13.2","12.3","17.1","10.9","41.1","23.0"
"ASN00086282","2022-12-13","5.6","11.3","18.4","8.7","30.3","20.0"
"ASN00086282","2022-12-14","6.8","12.0","16.1","6.8","34.6","26.5"
"ASN00086282","2022-12-15","5.0","12.6","16.5","9.4","24.7","19.8"
"ASN00086282","2022-12-16","1.2","13.9","19.1","10.5","25.2","16.3"
"ASN00086282","2022-12-17","0.0","15.4","21.9","7.9","23.6","14.5"
"ASN00086282","2022-12-18","0.0","15.9","23.0","7.6","20.5","10.7"
"ASN00086282","2022-12-19","0.0","16.9","24.8","8.4","16.9","9.6"
"ASN00086282","2022-12-20","0.0","18.9","27.4","8.1","15.4","9.1"
"ASN00086282","2022-12-21","0.0","21.7","28.6","10.7","24.4","11.9"
"ASN00086282","2022-12-22","4.0","17.6","25.6","15.5","11.7","6.3"
"ASN00086282","2022-12-23","56.6","18.7","24.2","12.8","14.7","8.4"
"ASN00086282","2022-12-24","0.0","17.3","25.0","15.1","19.5","9.2"
"ASN00086282","2022-12-25","0.0","23.2","32.2","10.8","21.0","9.9"
"ASN00086282","2022-12-26","0.0","23.6","32.8","14.4","20.6","9.4"
"ASN00086282","2022-12-27","0.0","30.2","36.7","16.6","27.3","14.6"
"ASN00086282","2022-12-28","0.0","16.3","26.1","25.1","34.1","22.4"
"ASN00086282","2022-12-29","0.0","16.0","18.6","13.2","23.8","17.3"
"ASN00086282","2022-12-30","0.0","20.9","28.4","13.9","20.8","9.7"
"ASN00086282","2022-12-31","0.0","22.9","29.6","15.7","23.1","8.1"
"ASN00086282","2023-01-01","0.0","29.3","35.1","16.1","28.6","14.7"
"ASN00086282","2023-01-02","0.0","20.2","32.0","23.8","37.1","21.2"
"ASN00086282","2023-01-03","0.4","16.3","21.2","14.3","24.1","18.2"
"ASN00086282","2023-01-04","0.0","15.1","17.9","13.3","33.3","24.2"
"ASN00086282","2023-01-05","2.2","16.4","21.9","13.0","26.7","19.7"
"ASN00086282","2023-01-06","0.0","18.7","25.5","9.6","19.2","12.0"
"ASN00086282","2023-01-07","0.0","21.8","30.2","11.4","16.1","8.9"
"ASN00086282","2023-01-08","0.0","25.2","31.8","12.6","12.2","6.3"
"ASN00086282","2023-01-09","0.0","20.1","28.6","18.1","22.1","14.9"
"ASN00086282","2023-01-10","0.0","18.4","24.0","15.8","19.4","13.9"
"ASN00086282","2023-01-11","0.0","23.4","33.5","14.3","21.2","10.2"
"ASN00086282","2023-01-12","0.0","20.8","26.7","16.8","18.1","11.2"
"ASN00086282","2023-01-13","0.0","21.7","27.0","17.8","17.7","12.9"
"ASN00086282","2023-01-14","0.0","26.7","37.4","18.8","26.1","14.1"
"ASN00086282","2023-01-15","0.6","16.8","20.2","16.0","24.7","20.1"
"ASN00086282","2023-01-16","0.0","23.4","27.7","14.5","13.9","6.1"
"ASN00086282","2023-01-17","0.0","26.6","37.0","16.6","25.6","16.6"
"ASN00086282","2023-01-18","4.4","14.1","18.6","18.5","24.4","17.2"
"ASN00086282","2023-01-19","3.2","15.9","18.9","10.6","28.1","22.4"
"ASN00086282","2023-01-20","0.0","16.8","22.9","14.4","19.8","10.5"
"ASN00086282","2023-01-21","0.0","19.8","25.9","12.1","19.7","10.5"
"ASN00086282","2023-01-22","0.0","19.6","25.2","16.4","19.7","11.7"
"ASN00086282","2023-01-23","0.0","21.6","28.3","14.8","12.2","5.7"
"ASN00086282","2023-01-24","0.0","20.7","28.2","15.1","13.0","6.6"
"ASN00086282","2023-01-25","0.4","21.9","32.4","15.3","21.6","10.7"
"ASN00086282","2023-01-26","0.0","16.8","23.3","13.0","22.3","15.2"
"ASN00086282","2023-01-27","0.0","21.8","28.9","10.2","11.6","7.2"
"ASN00086282","2023-01-28","0.0","23.8","34.9","13.3","32.3","15.3"
"ASN00086282","2023-01-29","0.2","19.0","23.9","18.0","15.2","8.7"
"ASN00086282","2023-01-30","0.0","17.9","21.9","17.0","20.2","14.6"
"ASN00086282","2023-01-31","0.0","17.1","23.6","14.9","17.3","11.5"
"ASN00086282","2023-02-01","0.0","15.1","21.1","10.2","23.2","12.9"
"ASN00086282","2023-02-02","0.0","13.4","22.6","9.8","37.3","18.1"
"ASN00086282","2023-02-03","8.4","13.2","17.8","8.9","27.8","20.4"
"ASN00086282","2023-02-04","7.0","16.3","22.0","9.7","31.3","22.6"
"ASN00086282","2023-02-05","0.0","16.8","20.3","11.4","17.6","11.8"
"ASN00086282","2023-02-06","0.0","17.1","22.2","14.4","18.5","10.9"
"ASN00086282","2023-02-07","0.2","17.2","22.3","14.4","18.4","13.5"
"ASN00086282","2023-02-08","0.0","17.7","23.5","13.8","16.9","10.6"
"ASN00086282","2023-02-09","0.0","20.2","28.9","12.5","18.6","8.5"
"ASN00086282","2023-02-10","0.0","20.3","28.2","11.8","16.7","7.7"
"ASN00086282","2023-02-11","0.0","21.4","29.5","13.5","23.9","12.4"
"ASN00086282","2023-02-12","0.0","16.6","21.5","15.5","27.0","20.8"
"ASN00086282","2023-02-13","0.0","16.1","21.4","13.8","24.1","18.5"
"ASN00086282","2023-02-14","0.0","16.8","23.1","10.1","19.5","11.0"
"ASN00086282","2023-02-15","0.0","25.0","33.5","10.4","28.7","12.3"
"ASN00086282","2023-02-16","0.0","28.8","37.5","17.5","28.9","16.9"
"ASN00086282","2023-02-17","0.0","23.4","41.3","21.6","34.3","22.4"
"ASN00086282","2023-02-18","0.0","18.3","24.6","16.2","20.0","11.8"
"ASN00086282","2023-02-19","0.0","19.4","29.1","12.4","18.7","8.4"
"ASN00086282","2023-02-20","0.0","20.1","27.2","11.6","20.3","9.6"
"ASN00086282","2023-02-21","0.2","16.5","21.6","16.0","27.7","17.5"
"ASN00086282","2023-02-22","0.0","22.9","30.3","11.3","15.3","6.4"
"ASN00086282","2023-02-23","0.0","24.7","32.1","16.1","35.5","19.0"
"ASN00086282","2023-02-24","0.0","27.0","32.9","17.2","36.0","23.7"
"ASN00086282","2023-02-25","0.0","19.2","27.3","21.8","37.4","22.6"
"ASN00086282","2023-02-26","1.4","18.4","25.9","13.4","21.7","14.0"
"ASN00086282","2023-02-27","0.8","17.0","20.6","14.8","20.6","16.8"
"ASN00086282","2023-02-28","0.0","14.8","16.6","14.1","18.7","13.7"
"ASN00086282","2023-03-01","0.6","16.5","21.9","12.7","18.4","14.9"
"ASN00086282","2023-03-02","0.0","17.1","21.1","11.6","20.5","12.5"
"ASN00086282","2023-03-03","0.0","15.9","20.9","14.8","19.9","15.1"
"ASN00086282","2023-03-04","0.0","23.2","31.5","11.7","25.8","12.5"
"ASN00086282","2023-03-05","0.0","22.0","34.8","14.8","33.6","22.3"
"ASN00086282","2023-03-06","4.0","18.9","25.2","12.9","23.2","16.5"
"ASN00086282","2023-03-07","0.0","16.8","24.0","13.2","33.2","22.4"
"ASN00086282","2023-03-08","2.2","14.1","20.0","9.7","24.6","17.9"
"ASN00086282","2023-03-09","0.0","17.0","22.7","10.6","22.5","15.7"
"ASN00086282","2023-03-10","0.0","18.1","25.5","12.3","14.9","7.6"
"ASN00086282","2023-03-11","0.0","19.1","26.7","12.3","24.8","8.9"
"ASN00086282","2023-03-12","0.0","15.8","21.0","15.7","22.0","13.7"
"ASN00086282","2023-03-13","0.0","18.1","24.3","10.0","13.7","8.5"
"ASN00086282","2023-03-14","0.0","21.4","31.0","14.1","23.5","10.9"
"ASN00086282","2023-03-15","0.0","20.5","28.5","13.3","13.0","6.7"
"ASN00086282","2023-03-16","0.0","21.1","29.9","16.0","30.6","17.2"
"ASN00086282","2023-03-17","0.4","19.6","26.2","14.8","20.2","8.7"
"ASN00086282","2023-03-18","0.0","22.5","38.0","11.8","47.9","23.8"
"ASN00086282","2023-03-19","0.0","16.1","18.6","16.4","19.5","14.0"
"ASN00086282","2023-03-20","0.0","14.9","19.8","14.3","24.3","18.7"
"ASN00086282","2023-03-21","0.0","16.2","20.0","10.0","13.0","6.7"
"ASN00086282","2023-03-22","1.2","18.1","24.2","12.8","16.9","7.6"
"ASN00086282","2023-03-23","2.2","18.2","23.5","13.9","13.9","7.3"
"ASN00086282","2023-03-24","2.0","15.0","18.7","14.9","22.3","13.8"
"ASN00086282","2023-03-25","0.8","14.9","20.0","11.5","20.5","12.2"
"ASN00086282","2023-03-26","0.0","15.8","19.3","9.4","12.4","7.1"
"ASN00086282","2023-03-27","0.6","15.8","17.3","12.7","18.9","9.1"
"ASN00086282","2023-03-28","6.8","17.6","23.0","14.6","17.3","8.4"
"ASN00086282","2023-03-29","2.4","13.9","18.7","13.6","23.6","17.4"
"ASN00086282","2023-03-30","1.8","15.3","19.0","11.2","24.0","18.2"
"ASN00086282","2023-03-31","0.0","12.9","21.0","11.8","22.2","16.2"
"ASN00086282","2023-04-01","2.8","12.1","15.9","8.6","24.0","15.1"
"ASN00086282","2023-04-02","0.2","12.7","19.4","6.9","19.5","6.5"
"ASN00086282","2023-04-03","0.0","15.9","25.8","7.4","22.0","8.8"
"ASN00086282","2023-04-04","0.0","18.2","27.9","9.1","20.9","11.7"
"ASN00086282","2023-04-05","0.0","15.7","18.6","12.7","14.4","8.1"
"ASN00086282","2023-04-06","0.0","18.7","24.6","11.2","25.0","13.3"
"ASN00086282","2023-04-07","5.6","15.4","18.8","14.2","24.1","17.1"
"ASN00086282","2023-04-08","3.2","12.5","17.1","12.6","30.2","24.6"
"ASN00086282","2023-04-09","0.6","11.4","15.2","9.6","29.0","23.1"
"ASN00086282","2023-04-10","0.6","11.8","15.5","8.9","23.7","19.6"
"ASN00086282","2023-04-11","0.8","14.9","19.4","10.3","14.2","9.2"
"ASN00086282","2023-04-12","3.4","14.7","19.0","11.3","38.7","21.6"
"ASN00086282","2023-04-13","2.0","15.0","22.2","12.4","16.8","8.9"
"ASN00086282","2023-04-14","0.2","18.4","25.4","9.5","19.4","11.5"
"ASN00086282","2023-04-15","0.0","14.4","19.4","12.5","36.6","21.6"
"ASN00086282","2023-04-16","33.0","11.9","17.7","11.1","28.7","15.1"
"ASN00086282","2023-04-17","1.0","16.1","19.9","7.9","13.2","9.4"
"ASN00086282","2023-04-18","0.0","17.1","23.0","12.5","22.1","15.1"
"ASN00086282","2023-04-19","1.0","11.3","17.8","12.9","22.0","12.4"
"ASN00086282","2023-04-20","0.0","14.1","17.7","5.4","11.2","8.3"
"ASN00086282","2023-04-21","0.0","15.7","17.9","8.7","10.6","6.2"
"ASN00086282","2023-04-22","0.0","16.0","20.8","11.2","13.3","5.6"
"ASN00086282","2023-04-23","0.0","13.9","19.2","13.3","15.0","8.0"
"ASN00086282","2023-04-24","0.0","18.5","25.0","7.6","19.5","12.4"
"ASN00086282","2023-04-25","0.0","17.8","25.1","13.8","19.5","13.0"
"ASN00086282","2023-04-26","0.0","18.9","24.3","11.2","24.4","17.8"
"ASN00086282","2023-04-27","0.0","18.3","21.5","14.3","40.0","30.3"
"ASN00086282","2023-04-28","0.2","12.3","21.7","14.8","30.7","16.2"
"ASN00086282","2023-04-29","4.6","8.9","16.0","6.0","11.7","8.0"
"ASN00086282","2023-04-30","0.0","10.9","16.4","3.6","13.2","7.7"
"ASN00086282","2023-05-01","0.0","14.0","17.9","5.3","8.8","5.8"
"ASN00086282","2023-05-02","0.0","15.0","20.1","9.8","20.6","12.6"
"ASN00086282","2023-05-03","2.0","10.9","15.0","9.5","38.9","25.3"
"ASN00086282","2023-05-04","3.0","12.0","15.5","7.7","13.4","8.0"
"ASN00086282","2023-05-05","0.0","12.4","17.2","8.0","27.6","17.8"
"ASN00086282","2023-05-06","11.0","7.5","12.0","8.8","17.7","11.3"
"ASN00086282","2023-05-07","3.4","8.0","12.2","4.8","26.3","17.7"
"ASN00086282","2023-05-08","2.0","11.8","14.9","6.2","24.5","19.0"
"ASN00086282","2023-05-09","0.2","11.9","16.4","8.6","25.5","16.8"
"ASN00086282","2023-05-10","0.8","10.7","14.9","9.3","15.0","10.4"
"ASN00086282","2023-05-11","0.0","12.5","18.1","4.7","21.1","11.8"
"ASN00086282","2023-05-12","0.0","12.8","18.2","7.7","17.3","10.1"
"ASN00086282","2023-05-13","0.0","10.6","16.6","6.8","9.1","5.2"
"ASN00086282","2023-05-14","0.0","14.1","20.6","5.2","20.9","13.4"
"ASN00086282","2023-05-15","0.0","14.4","21.4","9.4","22.0","17.8"
"ASN00086282","2023-05-16","2.4","8.0","13.1","9.4","23.9","14.7"
"ASN00086282","2023-05-17","1.0","8.8","19.8","2.2","14.7","9.4"
"ASN00086282","2023-05-18","0.0","9.1","13.1","4.6","12.0","8.4"
"ASN00086282","2023-05-19","0.0","10.3","15.9","4.5","15.6","11.6"
"ASN00086282","2023-05-20","1.6","11.4","14.8","6.5","22.9","13.6"
"ASN00086282","2023-05-21","1.6","10.0","14.2","9.1","27.1","20.4"
"ASN00086282","2023-05-22","0.2","10.8","16.2","6.2","17.1","11.6"
"ASN00086282","2023-05-23","0.0","10.4","16.2","5.2","15.1","12.9"
"ASN00086282","2023-05-24","0.0","12.3","16.1","6.3","37.1","23.8"
"ASN00086282","2023-05-25","0.0","9.3","14.3","9.3","41.4","25.4"
"ASN00086282","2023-05-26","2.6","10.4","13.8","5.1","21.1","16.6"
"ASN00086282","2023-05-27","0.0","11.7","15.5","7.6","23.6","16.5"
"ASN00086282","2023-05-28","9.0","11.3","16.4","9.5","23.5","16.3"
"ASN00086282","2023-05-29","2.6","13.4","16.8","7.8","23.1","15.5"
"ASN00086282","2023-05-30","0.0","15.2","18.4","10.4","21.2","15.6"
"ASN00086282","2023-05-31","0.0","14.9","17.0","12.9","31.8","24.9"
"ASN00086282","2023-06-01","1.6","8.4","14.7","10.3","26.9","13.9"
"ASN00086282","2023-06-02","0.0","10.8","13.7","2.4","15.5","8.9"
"ASN00086282","2023-06-03","4.0","11.1","16.1","5.4","16.2","9.0"
"ASN00086282","2023-06-04","0.4","12.1","18.0","8.1","12.4","7.4"
"ASN00086282","2023-06-05","0.0","14.9","18.7","7.9","24.3","18.0"
"ASN00086282","2023-06-06","0.2","14.7","16.3","13.1","38.8","28.5"
"ASN00086282","2023-06-07","0.0","15.4","17.0","12.7","38.7","33.2"
"ASN00086282","2023-06-08","8.8","12.5","15.7","12.2","33.2","20.3"
"ASN00086282","2023-06-09","1.2","9.8","14.8","6.7","26.4","18.5"
"ASN00086282","2023-06-10","0.0","11.8","15.3","6.4","23.4","18.7"
"ASN00086282","2023-06-11","0.0","12.1","15.9","9.0","19.3","15.7"
"ASN00086282","2023-06-12","0.0","10.8","14.1","9.3","32.2","21.4"
"ASN00086282","2023-06-13","0.2","10.3","14.1","9.3","34.2","24.1"
"ASN00086282","2023-06-14","0.8","10.8","14.8","8.1","20.8","16.6"
"ASN00086282","2023-06-15","0.2","12.0","15.0","7.1","24.4","19.2"
"ASN00086282","2023-06-16","0.0","11.8","17.2","9.0","34.2","24.8"
"ASN00086282","2023-06-17","0.0","10.7","15.9","7.6","38.1","29.3"
"ASN00086282","2023-06-18","4.0","10.2","14.0","5.6","32.0","19.5"
"ASN00086282","2023-06-19","8.6","6.2","10.7","6.2","29.1","17.9"
"ASN00086282","2023-06-20","0.8","7.1","12.0","2.8","16.3","10.1"
"ASN00086282","2023-06-21","0.0","6.9","9.9","2.7","17.0","12.7"
"ASN00086282","2023-06-22","0.0","9.3","13.1","5.2","35.1","19.6"
"ASN00086282","2023-06-23","0.6","8.7","10.3","7.0","29.9","16.6"
"ASN00086282","2023-06-24","0.2","9.6","14.1","6.5","33.5","21.7"
"ASN00086282","2023-06-25","3.8","10.3","13.0","6.4","35.6","26.2"
"ASN00086282","2023-06-26","0.6","9.6","15.3","7.2","34.0","22.0"
"ASN00086282","2023-06-27","0.0","10.3","13.5","4.9","25.2","17.2"
"ASN00086282","2023-06-28","0.0","7.3","12.1","7.7","22.3","13.2"
"ASN00086282","2023-06-29","1.6","10.2","12.2","3.4","25.4","18.6"
"ASN00086282","2023-06-30","0.0","11.0","15.5","7.6","22.5","17.8"
"ASN00086282","2023-07-01","0.0","10.2","13.8","7.5","21.3","15.9"
"ASN00086282","2023-07-02","0.4","9.9","12.2","7.8","12.1","8.3"
"ASN00086282","2023-07-03","0.0","11.0","14.1","6.4","18.4","11.4"
"ASN00086282","2023-07-04","0.0","10.8","12.5","7.5","16.8","10.6"
"ASN00086282","2023-07-05","2.0","10.6","14.3","8.4","18.6","10.6"
"ASN00086282","2023-07-06","0.0","10.6","14.9","8.7","27.7","23.2"
"ASN00086282","2023-07-07","0.0","11.9","14.8","7.1","31.4","18.6"
"ASN00086282","2023-07-08","0.0","11.1","14.4","9.3","44.5","29.4"
"ASN00086282","2023-07-09","0.0","12.8","17.0","8.9","24.8","19.2"
"ASN00086282","2023-07-10","0.0","12.9","15.7","10.6","24.6","18.9"
"ASN00086282","2023-07-11","0.0","12.8","16.8","11.1","22.9","13.5"
"ASN00086282","2023-07-12","0.0","11.4","16.9","8.7","18.7","13.4"
"ASN00086282","2023-07-13","0.0","12.1","15.6","7.9","28.9","22.7"
"ASN00086282","2023-07-14","0.0","10.8","14.1","10.1","44.0","32.9"
"ASN00086282","2023-07-15","0.0","8.2","13.2","8.2","27.1","14.9"
"ASN00086282","2023-07-16","0.4","8.4","14.4","2.4","11.9","8.6"
"ASN00086282","2023-07-17","0.0","10.3","16.5","3.0","29.6","14.3"
"ASN00086282","2023-07-18","0.0","8.5","13.8","6.0","31.2","21.5"
"ASN00086282","2023-07-19","0.6","8.6","14.0","4.1","24.0","10.7"
"ASN00086282","2023-07-20","0.0","8.1","12.6","5.2","55.8","31.7"
"ASN00086282","2023-07-21","0.8","8.2","14.0","4.3","16.8","12.6"
"ASN00086282","2023-07-22","0.0","10.4","14.8","4.8","12.4","9.2"
"ASN00086282","2023-07-23","0.0","8.6","11.8","5.8","16.9","10.6"
"ASN00086282","2023-07-24","2.8","11.0","13.5","4.4","14.0","9.6"
"ASN00086282","2023-07-25","0.0","8.4","15.0","8.6","8.8","6.1"
"ASN00086282","2023-07-26","0.0","9.1","15.3","3.3","17.1","10.5"
"ASN00086282","2023-07-27","0.0","13.0","15.6","3.6","30.1","21.8"
"ASN00086282","2023-07-28","2.4","12.7","17.8","9.4","33.2","21.5"
"ASN00086282","2023-07-29","0.0","12.3","17.7","8.8","20.3","15.5"
"ASN00086282","2023-07-30","0.0","12.2","17.0","6.8","30.1","16.5"
"ASN00086282","2023-07-31","1.6","12.5","15.9","7.1","24.0","15.1"
"ASN00086282","2023-08-01","0.0","9.8","14.7","8.8","16.2","10.6"
"ASN00086282","2023-08-02","0.0","11.9","16.6","3.9","25.0","14.4"
"ASN00086282","2023-08-03","0.0","15.3","19.9","7.7","40.0","27.8"
"ASN00086282","2023-08-04","0.0","11.7","17.0","11.5","42.5","27.9"
"ASN00086282","2023-08-05","0.0","9.4","13.3","4.9","18.6","11.0"
"ASN00086282","2023-08-06","0.0","9.1","13.7","6.6","10.4","7.0"
"ASN00086282","2023-08-07","0.0","8.2","13.1","5.3","12.9","5.6"
"ASN00086282","2023-08-08","0.0","8.9","15.4","1.4","11.3","4.7"
"ASN00086282","2023-08-09","0.0","13.2","18.4","4.1","36.0","24.6"
"ASN00086282","2023-08-10","1.6","10.7","14.2","8.3","34.7","18.5"
"ASN00086282","2023-08-11","0.4","11.4","15.3","6.6","19.2","13.4"
"ASN00086282","2023-08-12","0.4","9.7","15.7","9.1","15.8","10.2"
"ASN00086282","2023-08-13","4.2","7.2","13.7","4.2","11.2","7.1"
"ASN00086282","2023-08-14","0.0","6.6","12.5","1.7","14.1","8.6"
"ASN00086282","2023-08-15","0.0","6.3","13.4","1.1","10.6","7.5"
"ASN00086282","2023-08-16","0.0","10.1","15.1","0.5","19.8","12.8"
"ASN00086282","2023-08-17","0.0","9.4","12.3","5.0","29.8","23.0"
"ASN00086282","2023-08-18","4.8","9.8","13.0","7.2","28.9","20.0"
"ASN00086282","2023-08-19","0.2","14.1","17.8","6.0","25.4","17.7"
"ASN00086282","2023-08-20","0.0","13.3","18.5","10.1","19.5","13.5"
"ASN00086282","2023-08-21","0.0","13.8","16.8","8.9","31.4","21.0"
"ASN00086282","2023-08-22","0.4","8.5","13.3","11.2","26.0","16.4"
"ASN00086282","2023-08-23","9.6","11.2","17.0","4.4","15.8","11.0"
"ASN00086282","2023-08-24","0.0","12.4","17.5","5.7","21.5","14.7"
"ASN00086282","2023-08-25","0.0","13.1","20.6","9.4","24.9","16.6"
"ASN00086282","2023-08-26","0.0","10.6","14.3","9.6","11.2","7.2"
"ASN00086282","2023-08-27","0.0","11.2","16.6","6.3","11.3","6.5"
"ASN00086282","2023-08-28","0.0","13.1","18.1","7.3","10.8","5.7"
"ASN00086282","2023-08-29","0.8","14.7","16.8","9.4","37.3","21.2"
"ASN00086282","2023-08-30","5.6","9.8","16.3","12.0","34.3","19.7"
"ASN00086282","2023-08-31","0.2","11.7","15.8","4.8","23.0","15.7"
"ASN00086282","2023-09-01","0.6","8.3","14.8","7.7","17.4","13.0"
"ASN00086282","2023-09-02","0.0","9.9","18.5","1.7","16.9","9.3"
"ASN00086282","2023-09-03","0.0","14.2","19.8","2.9","25.4","17.3"
"ASN00086282","2023-09-04","0.0","12.0","22.1","8.0","39.2","25.0"
"ASN00086282","2023-09-05","1.0","9.7","15.0","4.1","27.6","15.2"
"ASN00086282","2023-09-06","0.0","14.1","19.2","5.2","32.1","22.0"
"ASN00086282","2023-09-07","0.0","12.6","20.9","10.4","37.1","31.0"
"ASN00086282","2023-09-08","5.2","8.0","11.8","7.0","45.4","32.5"
"ASN00086282","2023-09-09","0.4","10.3","14.9","4.4","25.2","17.8"
"ASN00086282","2023-09-10","0.2","10.1","14.5","7.2","17.9","10.9"
"ASN00086282","2023-09-11","0.0","12.3","17.4","5.3","13.3","5.6"
"ASN00086282","2023-09-12","0.0","15.7","23.6","8.3","15.6","11.0"
"ASN00086282","2023-09-13","0.0","16.4","25.4","8.4","11.9","6.5"
"ASN00086282","2023-09-14","0.0","18.7","23.4","7.4","33.2","20.4"
"ASN00086282","2023-09-15","0.0","16.8","25.6","13.0","36.9","16.4"
"ASN00086282","2023-09-16","0.0","18.1","24.5","9.4","25.8","16.0"
"ASN00086282","2023-09-17","0.0","17.0","25.0","11.5","21.6","9.1"
"ASN00086282","2023-09-18","0.0","16.8","20.5","11.6","22.0","8.7"
"ASN00086282","2023-09-19","0.0","22.4","27.3","12.5","27.5","19.2"
"ASN00086282","2023-09-20","0.0","10.8","18.4","12.9","23.5","18.8"
"ASN00086282","2023-09-21","0.6","9.9","15.6","5.9","20.3","13.6"
"ASN00086282","2023-09-22","0.2","9.1","15.8","3.2","11.6","7.7"
"ASN00086282","2023-09-23","0.0","11.3","20.3","2.2","14.0","5.8"
"ASN00086282","2023-09-24","0.0","17.9","23.7","5.3","21.9","13.7"
"ASN00086282","2023-09-25","0.0","14.8","23.8","12.4","31.3","19.8"
"ASN00086282","2023-09-26","0.0","12.2","19.1","9.6","15.2","8.0"
"ASN00086282","2023-09-27","0.0","12.4","18.9","7.0","23.1","12.4"
"ASN00086282","2023-09-28","0.0","13.6","22.6","7.1","11.8","6.5"
"ASN00086282","2023-09-29","0.0","21.3","28.9","5.8","18.5","11.4"
"ASN00086282","2023-09-30","0.0","22.4","29.6","15.4","28.1","24.4"
"ASN00086282","2023-10-01","0.0","12.4","21.2","16.8","43.6","22.9"
"ASN00086282","2023-10-02","0.0","22.2","27.4","2.9","36.0","19.2"
"ASN00086282","2023-10-03","1.6","12.7","18.2","10.9","36.5","19.2"
"ASN00086282","2023-10-04","18.4","9.8","12.9","9.7","25.6","18.1"
"ASN00086282","2023-10-05","4.6","11.7","16.8","6.8","27.1","20.5"
"ASN00086282","2023-10-06","11.0","10.1","15.0","6.6","22.7","16.3"
"ASN00086282","2023-10-07","0.0","9.9","14.4","4.3","16.8","11.0"
"ASN00086282","2023-10-08","0.0","12.4","17.7","3.4","15.6","7.2"
"ASN00086282","2023-10-09","0.0","12.4","16.9","9.0","17.9","7.5"
"ASN00086282","2023-10-10","0.0","11.8","17.6","10.0","10.3","7.7"
"ASN00086282","2023-10-11","0.0","20.1","26.1","5.9","34.7","18.6"
"ASN00086282","2023-10-12","1.6","11.3","16.5","13.5","40.6","22.5"
"ASN00086282","2023-10-13","5.6","13.4","17.3","8.9","24.8","18.3"
"ASN00086282","2023-10-14","0.4","13.6","19.4","10.2","29.6","18.3"
"ASN00086282","2023-10-15","0.0","12.5","17.5","9.3","20.3","11.1"
"ASN00086282","2023-10-16","4.0","10.8","15.6","8.6","36.0","25.5"
"ASN00086282","2023-10-17","1.0","11.9","18.1","5.4","14.9","8.4"
"ASN00086282","2023-10-18","0.0","17.3","24.2","6.0","19.3","10.7"
"ASN00086282","2023-10-19","0.0","20.6","26.8","10.6","17.0","12.0"
"ASN00086282","2023-10-20","0.0","23.7","28.9","14.3","20.5","14.7"
"ASN00086282","2023-10-21","0.0","15.6","23.5","19.5","32.1","21.3"
"ASN00086282","2023-10-22","0.0","12.2","17.0","10.4","32.8","24.4"
"ASN00086282","2023-10-23","0.2","15.2","18.8","9.3","22.0","13.2"
"ASN00086282","2023-10-24","0.0","14.4","25.5","10.7","43.3","26.7"
"ASN00086282","2023-10-25","0.0","8.7","15.0","5.1","26.9","16.5"
"ASN00086282","2023-10-26","2.2","11.8","15.9","5.2","31.5","21.9"
"ASN00086282","2023-10-27","0.4","13.8","20.7","7.3","16.2","8.5"
"ASN00086282","2023-10-28","0.0","14.7","23.5","6.5","35.7","22.8"
"ASN00086282","2023-10-29","0.0","15.9","24.6","6.1","20.5","8.5"
"ASN00086282","2023-10-30","0.0","14.3","24.9","9.8","33.5","15.5"
"ASN00086282","2023-10-31","0.8","12.2","18.0","7.2","29.2","18.6"
"ASN00086282","2023-11-01","0.0","12.9","15.6","8.8","20.2","14.5"
"ASN00086282","2023-11-02","0.0","13.1","17.0","10.8","19.5","12.4"
"ASN00086282","2023-11-03","0.0","12.8","16.6","11.2","20.9","15.8"
"ASN00086282","2023-11-04","0.0","13.9","19.6","9.6","25.6","16.3"
"ASN00086282","2023-11-05","0.0","17.8","24.9","7.0","15.8","8.0"
"ASN00086282","2023-11-06","0.0","24.1","29.9","10.1","35.5","18.4"
"ASN00086282","2023-11-07","0.0","23.1","31.9","15.5","34.6","21.1"
"ASN00086282","2023-11-08","3.0","18.4","32.6","16.6","31.3","16.9"
"ASN00086282","2023-11-09","2.4","17.6","23.9","13.9","16.9","7.5"
"ASN00086282","2023-11-10","0.0","27.3","33.7","11.1","31.8","14.9"
"ASN00086282","2023-11-11","0.0","14.3","21.4","19.4","40.3","23.9"
"ASN00086282","2023-11-12","0.0","14.4","21.3","9.1","26.2","16.8"
"ASN00086282","2023-11-13","0.0","14.8","21.5","9.3","16.6","11.4"
"ASN00086282","2023-11-14","0.2","14.1","17.9","11.0","14.1","9.4"
"ASN00086282","2023-11-15","0.2","14.8","19.8","11.5","17.6","10.6"
"ASN00086282","2023-11-16","0.0","13.3","18.6","10.9","25.9","18.0"
"ASN00086282","2023-11-17","0.0","14.3","17.8","9.9","20.5","15.3"
"ASN00086282","2023-11-18","0.0","15.5","21.5","11.1","14.7","9.6"
"ASN00086282","2023-11-19","0.0","17.4","25.0","9.6","19.5","8.8"
"ASN00086282","2023-11-20","0.0","16.3","20.4","13.9","17.4","11.0"
"ASN00086282","2023-11-21","0.0","15.9","21.5","14.4","18.0","12.0"
"ASN00086282","2023-11-22","0.0","16.6","20.9","13.8","22.7","15.5"
"ASN00086282","2023-11-23","0.0","20.4","25.6","14.7","17.8","12.0"
"ASN00086282","2023-11-24","0.0","20.4","28.2","15.9","27.0","15.3"
"ASN00086282","2023-11-25","13.2","19.1","26.4","16.2","26.1","17.2"
"ASN00086282","2023-11-26","9.8","15.4","20.6","14.1","18.7","15.5"
"ASN00086282","2023-11-27","2.4","14.7","18.1","12.5","17.8","14.2"
"ASN00086282","2023-11-28","0.6","18.6","24.4","12.1","13.8","7.7"
"ASN00086282","2023-11-29","2.2","16.0","18.0","13.9","29.4","21.5"
"ASN00086282","2023-11-30","4.0","15.2","17.6","13.5","27.1","22.4"
"ASN00086282","2023-12-01","2.4","17.6","22.6","13.3","21.0","15.6"
"ASN00086282","2023-12-02","6.0","14.3","15.9","14.6","23.4","18.0"
"ASN00086282","2023-12-03","16.0","17.3","22.8","12.8","18.0","14.0"
"ASN00086282","2023-12-04","0.0","22.8","32.7","11.4","21.0","12.0"
"ASN00086282","2023-12-05","0.0","18.8","29.2","11.7","20.5","8.6"
"ASN00086282","2023-12-06","0.0","16.7","23.1","13.3","15.1","9.5"
"ASN00086282","2023-12-07","0.0","22.2","27.3","11.4","25.6","6.0"
"ASN00086282","2023-12-08","0.0","23.7","33.0","14.8","48.7","30.5"
"ASN00086282","2023-12-09","2.2","14.8","16.9","15.5","22.8","14.2"
"ASN00086282","2023-12-10","9.6","17.4","19.4","13.4","18.7","14.7"
"ASN00086282","2023-12-11","0.8","17.8","19.0","15.4","16.3","12.1"
"ASN00086282","2023-12-12","1.0","26.3","32.9","16.6","13.4","9.1"
"ASN00086282","2023-12-13","3.8","23.8","33.5","19.0","31.7","19.9"
"ASN00086282","2023-12-14","1.0","18.2","25.6","14.5","21.4","15.4"
"ASN00086282","2023-12-15","0.0","16.9","24.9","11.5","26.6","10.8"
"ASN00086282","2023-12-16","0.0","16.2","22.4","9.5","22.8","14.3"
"ASN00086282","2023-12-17","0.0","18.7","25.9","9.4","17.9","6.8"
"ASN00086282","2023-12-18","0.0","20.6","28.2","13.4","23.5","12.9"
"ASN00086282","2023-12-19","1.6","14.3","19.0","14.0","29.7","17.7"
"ASN00086282","2023-12-20","1.0","16.3","19.9","11.3","29.2","21.1"
"ASN00086282","2023-12-21","0.0","18.0","26.0","11.3","25.9","14.7"
"ASN00086282","2023-12-22","0.0","16.8","23.7","10.0","23.2","12.0"
"ASN00086282","2023-12-23","0.0","17.9","24.8","9.3","20.9","10.9"
"ASN00086282","2023-12-24","0.0","17.6","25.4","12.1","26.5","13.6"
"ASN00086282","2023-12-25","22.4","17.4","19.7","15.2","22.0","13.9"
"ASN00086282","2023-12-26","18.0","18.8","23.8","15.7","17.6","10.8"
"ASN00086282","2023-12-27","6.0","19.8","25.4","14.9","23.8","13.7"
"ASN00086282","2023-12-28","0.4","16.5","21.2","16.3","19.4","13.1"
"ASN00086282","2023-12-29","0.4","16.1","20.6","11.3","20.4","13.6"
"ASN00086282","2023-12-30","0.0","15.5","19.2","11.8","24.8","19.4"
"ASN00086282","2023-12-31","0.0","16.7","20.5","11.9","20.5","14.3"
"ASN00086282","2024-01-01","0.0","19.7","25.6","12.3","21.1","9.5"
"ASN00086282","2024-01-02","0.0","20.1","28.8","14.7","17.1","7.7"
"ASN00086282","2024-01-03","26.8","20.4","27.8","16.1","16.5","10.9"
"ASN00086282","2024-01-04","0.6","18.7","23.6","16.2","20.3","15.5"
"ASN00086282","2024-01-05","0.0","21.4","28.0","15.0","14.0","9.7"
"ASN00086282","2024-01-06","0.0","26.5","32.1","15.4","21.0","10.9"
"ASN00086282","2024-01-07","0.0","19.9","25.0","21.6","33.8","21.7"
"ASN00086282","2024-01-08","34.0","17.4","20.2","18.1","21.3","12.4"
"ASN00086282","2024-01-09","10.6","20.2","24.5","14.1","14.4","9.6"
"ASN00086282","2024-01-10","0.0","20.1","29.3","15.3","23.4","11.3"
"ASN00086282","2024-01-11","0.0","18.8","24.3","16.6","19.5","10.3"
"ASN00086282","2024-01-12","0.0","24.0","34.4","14.1","23.1","11.4"
"ASN00086282","2024-01-13","0.0","16.8","21.7","15.8","22.7","15.9"
"ASN00086282","2024-01-14","0.2","18.8","22.9","14.3","26.5","16.6"
"ASN00086282","2024-01-15","0.0","23.9","29.2","14.9","8.8","5.2"
"ASN00086282","2024-01-16","0.0","25.2","31.4","19.3","34.1","24.2"
"ASN00086282","2024-01-17","12.0","16.2","23.4","17.8","26.8","16.8"
"ASN00086282","2024-01-18","9.2","16.7","21.6","11.2","33.6","23.3"
"ASN00086282","2024-01-19","0.2","16.3","20.6","12.9","18.4","13.5"
"ASN00086282","2024-01-20","0.0","21.5","27.9","12.3","32.4","16.8"
"ASN00086282","2024-01-21","0.0","16.7","20.7","13.0","24.6","18.6"
"ASN00086282","2024-01-22","0.0","15.7","20.3","14.3","23.1","17.4"
"ASN00086282","2024-01-23","0.0","26.1","31.4","10.7","22.3","11.9"
"ASN00086282","2024-01-24","0.2","20.9","31.5","16.4","37.2","18.1"
"ASN00086282","2024-01-25","0.2","17.7","22.9","16.2","15.2","5.5"
"ASN00086282","2024-01-26","4.4","16.4","23.3","14.3","28.1","17.1"
"ASN00086282","2024-01-27","0.2","18.2","24.7","9.1","28.7","14.3"
"ASN00086282","2024-01-28","0.0","20.1","25.9","12.4","13.2","8.9"
"ASN00086282","2024-01-29","0.0","21.3","30.3","13.9","25.6","11.2"
"ASN00086282","2024-01-30","0.0","18.0","25.8","17.4","22.3","11.8"
"ASN00086282","2024-01-31","0.0","17.3","22.4","11.9","23.5","15.7"
"ASN00086282","2024-02-01","0.0","19.3","26.6","11.8","21.4","15.0"
"ASN00086282","2024-02-02","0.0","16.2","22.4","13.3","22.5","16.2"
"ASN00086282","2024-02-03","0.0","22.2","34.9","10.7","19.8","5.8"
"ASN00086282","2024-02-04","0.0","27.5","38.1","12.3","30.6","15.1"
"ASN00086282","2024-02-05","0.0","15.9","19.1","18.7","20.9","13.9"
"ASN00086282","2024-02-06","0.8","15.8","21.4","10.2","24.8","17.0"
"ASN00086282","2024-02-07","0.0","17.7","22.6","9.0","22.0","13.5"
"ASN00086282","2024-02-08","0.0","19.1","23.8","12.3","19.6","11.9"
"ASN00086282","2024-02-09","0.0","17.7","21.9","16.5","21.6","13.9"
"ASN00086282","2024-02-10","0.0","21.3","27.9","14.3","19.3","9.4"
"ASN00086282","2024-02-11","0.0","24.7","33.4","14.9","35.1","17.7"
"ASN00086282","2024-02-12","0.0","26.4","37.8","16.1","29.5","15.5"
"ASN00086282","2024-02-13","0.0","21.2","39.7","18.3","35.7","24.4"
"ASN00086282","2024-02-14","1.0","14.8","20.5","11.1","22.9","17.1"
"ASN00086282","2024-02-15","0.0","16.4","22.3","9.6","20.0","10.1"
"ASN00086282","2024-02-16","0.0","17.8","24.1","11.1","19.5","10.2"
"ASN00086282","2024-02-17","0.0","19.3","25.3","12.9","17.7","9.3"
"ASN00086282","2024-02-18","0.0","19.1","24.2","15.3","19.1","10.1"
"ASN00086282","2024-02-19","0.0","18.9","23.6","16.7","18.0","12.4"
"ASN00086282","2024-02-20","0.0","24.9","33.7","16.2","20.0","9.4"
"ASN00086282","2024-02-21","0.0","27.4","34.2","18.7","29.6","19.1"
"ASN00086282","2024-02-22","0.0","24.2","37.2","22.4","38.7","25.7"
"ASN00086282","2024-02-23","0.4","17.1","21.9","14.8","23.7","19.8"
"ASN00086282","2024-02-24","0.0","15.7","21.7","14.2","21.3","15.8"
"ASN00086282","2024-02-25","0.0","21.5","32.8","8.6","19.0","10.8"
"ASN00086282","2024-02-26","0.0","16.0","21.6","14.3","21.7","15.1"
"ASN00086282","2024-02-27","0.0","23.8","32.9","11.0","19.5","9.0"
"ASN00086282","2024-02-28","0.0","26.6","36.7","16.5","31.6","21.6"
"ASN00086282","2024-02-29","0.0","18.5","27.6","15.7","20.1","11.1"
"ASN00086282","2024-03-01","0.0","19.8","31.8","12.5","22.5","7.3"
"ASN00086282","2024-03-02","0.0","15.1","21.6","12.3","23.2","15.5"
"ASN00086282","2024-03-03","0.0","16.2","22.0","8.7","29.0","18.9"
"ASN00086282","2024-03-04","0.0","15.4","21.3","12.6","23.5","15.1"
"ASN00086282","2024-03-05","0.0","22.9","32.9","8.8","27.9","12.9"
"ASN00086282","2024-03-06","0.0","20.3","30.4","14.1","21.7","11.8"
"ASN00086282","2024-03-07","0.0","17.4","22.3","16.2","21.3","15.6"
"ASN00086282","2024-03-08","0.0","21.9","28.5","12.9","15.6","8.5"
"ASN00086282","2024-03-09","0.0","31.4","38.5","15.5","35.2","20.8"
"ASN00086282","2024-03-10","0.0","29.4","37.8","26.2","30.3","21.1"
"ASN00086282","2024-03-11","0.0","28.8","35.7","19.3","24.6","16.6"
"ASN00086282","2024-03-12","0.0","18.1","24.1","21.7","21.0","11.9"
"ASN00086282","2024-03-13","1.4","17.0","19.3","15.8","13.4","8.2"
"ASN00086282","2024-03-14","0.6","17.7","23.6","15.1","26.3","16.8"
"ASN00086282","2024-03-15","0.0","19.4","27.2","12.2","15.7","9.5"
"ASN00086282","2024-03-16","0.0","22.7","29.9","11.7","24.7","11.6"
"ASN00086282","2024-03-17","0.0","22.1","30.6","16.6","24.6","14.3"
"ASN00086282","2024-03-18","0.0","25.3","31.6","14.3","24.1","13.0"
"ASN00086282","2024-03-19","0.0","19.5","29.0","19.6","38.8","24.0"
"ASN00086282","2024-03-20","0.0","13.3","19.8","11.2","28.8","22.5"
"ASN00086282","2024-03-21","0.0","14.4","21.2","7.3","17.3","8.9"
"ASN00086282","2024-03-22","0.0","16.7","23.8","8.2","22.0","10.0"
"ASN00086282","2024-03-23","0.0","14.1","19.9","11.2","19.4","10.9"
"ASN00086282","2024-03-24","0.0","15.3","23.7","8.8","18.4","12.9"
"ASN00086282","2024-03-25","0.0","16.8","24.9","8.5","18.4","10.8"
"ASN00086282","2024-03-26","0.0","16.8","22.7","10.1","20.1","11.1"
"ASN00086282","2024-03-27","0.0","15.8","21.7","10.2","21.4","13.3"
"ASN00086282","2024-03-28","0.4","","20.6","13.1","16.4","11.5"
"ASN00086282","2024-03-29","0.0","","30.8","11.0","14.4","8.6"
"ASN00086282","2024-03-30","0.0","","25.3","10.6","14.6","7.2"
"ASN00086282","2024-03-31","0.0","","23.7","12.4","10.6","6.1"
"ASN00086282","2024-04-01","0.0","14.8","27.0","11.7","30.3","16.7"
"ASN00086282","2024-04-02","51.6","16.3","21.3","13.6","31.0","18.8"
"ASN00086282","2024-04-03","0.2","13.4","17.2","9.6","15.3","11.1"
"ASN00086282","2024-04-04","0.0","14.5","18.4","9.3","17.2","11.5"
"ASN00086282","2024-04-05","0.0","16.0","20.4","11.2","21.0","11.1"
"ASN00086282","2024-04-06","0.0","17.4","20.9","13.5","13.2","8.5"
"ASN00086282","2024-04-07","3.4","15.9","21.7","14.8","16.0","9.7"
"ASN00086282","2024-04-08","2.2","13.3","20.9","11.5","24.5","12.5"
"ASN00086282","2024-04-09","7.0","13.0","16.4","8.5","24.8","18.2"
"ASN00086282","2024-04-10","0.2","14.2","17.6","10.9","23.4","15.1"
"ASN00086282","2024-04-11","0.0","13.7","17.1","11.7","18.5","12.8"
"ASN00086282","2024-04-12","0.0","13.4","16.7","10.8","10.2","7.1"
"ASN00086282","2024-04-13","0.0","13.1","17.8","8.9","11.7","7.5"
"ASN00086282","2024-04-14","0.0","13.8","19.1","8.5","15.0","5.7"
"ASN00086282","2024-04-15","0.0","14.7","20.9","7.9","15.1","6.3"
"ASN00086282","2024-04-16","0.0","13.3","19.2","9.1","12.3","6.4"
"ASN00086282","2024-04-17","0.0","13.3","18.3","9.4","17.2","8.0"
"ASN00086282","2024-04-18","0.0","13.3","16.7","8.8","21.6","14.2"
"ASN00086282","2024-04-19","3.0","12.2","17.2","11.0","23.3","16.1"
"ASN00086282","2024-04-20","0.6","12.2","16.9","6.2","17.3","9.9"
"ASN00086282","2024-04-21","0.0","10.8","17.6","7.3","11.3","6.0"
"ASN00086282","2024-04-22","0.0","17.2","24.7","5.9","18.4","11.4"
"ASN00086282","2024-04-23","0.0","16.4","25.6","11.2","33.4","23.8"
"ASN00086282","2024-04-24","5.4","11.9","16.0","8.7","24.7","19.6"
"ASN00086282","2024-04-25","0.0","12.6","15.4","7.9","23.9","17.1"
"ASN00086282","2024-04-26","0.0","11.8","15.0","10.7","15.0","11.1"
"ASN00086282","2024-04-27","0.0","11.4","19.2","6.3","14.0","7.1"
"ASN00086282","2024-04-28","0.0","16.6","22.5","5.3","20.2","11.5"
"ASN00086282","2024-04-29","0.0","12.2","16.5","11.4","18.9","13.1"
"ASN00086282","2024-04-30","0.2","10.9","15.1","8.0","24.1","15.0"
"ASN00086282","2024-05-01","0.6","","17.5","6.4","20.2","11.7"
"ASN00086282","2024-05-02","0.0","9.9","15.9","6.7","9.4","7.5"
"ASN00086282","2024-05-03","0.0","11.1","17.9","4.9","9.2","6.8"
"ASN00086282","2024-05-04","0.0","11.8","15.8","5.4","13.1","8.6"
"ASN00086282","2024-05-05","0.0","12.4","17.6","8.8","15.9","10.6"
"ASN00086282","2024-05-06","0.0","11.8","18.3","7.9","15.2","10.4"
"ASN00086282","2024-05-07","0.2","12.7","18.2","7.0","12.1","7.2"
"ASN00086282","2024-05-08","0.0","12.8","20.0","9.5","10.2","6.6"
"ASN00086282","2024-05-09","0.0","13.4","16.7","8.4","8.7","5.4"
"ASN00086282","2024-05-10","15.8","13.9","16.6","11.6","9.3","4.7"
"ASN00086282","2024-05-11","2.2","12.7","19.5","12.0","10.4","6.4"
"ASN00086282","2024-05-12","0.0","13.1","20.0","6.8","8.9","4.7"
"ASN00086282","2024-05-13","0.0","14.5","20.3","8.3","12.6","8.3"
"ASN00086282","2024-05-14","0.0","10.0","16.6","11.1","17.1","9.6"
"ASN00086282","2024-05-15","0.0","10.7","18.1","5.3","7.9","4.7"
"ASN00086282","2024-05-16","0.0","11.8","18.7","5.5","7.5","4.7"
"ASN00086282","2024-05-17","0.0","10.5","17.3","4.4","22.6","14.4"
"ASN00086282","2024-05-18","2.2","8.9","13.2","6.8","21.3","14.6"
"ASN00086282","2024-05-19","0.0","11.6","15.0","4.3","23.2","15.8"
"ASN00086282","2024-05-20","1.4","10.6","13.7","8.1","18.0","12.6"
"ASN00086282","2024-05-21","4.0","9.0","12.8","8.6","14.4","9.7"
"ASN00086282","2024-05-22","0.0","12.1","15.8","4.3","9.4","6.0"
"ASN00086282","2024-05-23","0.0","9.7","15.9","9.4","11.1","6.0"
"ASN00086282","2024-05-24","0.0","11.6","13.9","4.9","10.8","6.4"
"ASN00086282","2024-05-25","0.0","9.3","16.8","9.2","7.5","4.8"
"ASN00086282","2024-05-26","0.0","10.4","17.6","3.7","10.5","6.2"
"ASN00086282","2024-05-27","0.0","13.0","19.2","5.3","14.9","10.6"
"ASN00086282","2024-05-28","0.0","12.7","19.8","8.4","19.5","17.0"
"ASN00086282","2024-05-29","0.0","15.8","18.5","7.6","38.5","29.4"
"ASN00086282","2024-05-30","0.0","15.8","19.6","13.2","41.1","32.9"
"ASN00086282","2024-05-31","4.4","11.3","17.7","12.8","26.7","15.2"
"ASN00086282","2024-06-01","0.0","8.6","13.2","4.1","17.3","10.1"
"ASN00086282","2024-06-02","1.0","8.7","13.0","4.3","22.7","11.3"
"ASN00086282","2024-06-03","0.2","10.2","13.4","4.5","17.9","11.0"
"ASN00086282","2024-06-04","0.0","9.5","12.2","7.7","9.4","5.6"
"ASN00086282","2024-06-05","0.0","10.7","14.2","6.7","19.4","10.1"
"ASN00086282","2024-06-06","0.0","11.0","15.7","7.6","15.8","9.3"
"ASN00086282","2024-06-07","0.2","10.6","15.0","6.3","19.1","11.4"
"ASN00086282","2024-06-08","0.2","11.1","12.7","6.8","10.1","7.4"
"ASN00086282","2024-06-09","0.0","9.0","13.0","9.7","13.0","8.5"
"ASN00086282","2024-06-10","2.0","11.6","15.1","4.5","37.8","14.2"
"ASN00086282","2024-06-11","0.2","12.0","15.5","6.7","45.4","30.4"
"ASN00086282","2024-06-12","3.4","8.9","12.5","8.4","29.8","20.6"
"ASN00086282","2024-06-13","0.2","8.2","9.7","5.8","11.1","6.0"
"ASN00086282","2024-06-14","0.0","8.2","12.6","6.6","10.7","5.0"
"ASN00086282","2024-06-15","0.0","8.1","13.5","4.1","16.8","8.4"
"ASN00086282","2024-06-16","0.0","9.2","13.1","4.1","28.9","16.6"
"ASN00086282","2024-06-17","0.0","7.8","13.6","4.9","14.7","10.6"
"ASN00086282","2024-06-18","0.0","5.7","13.2","1.5","10.1","6.3"
"ASN00086282","2024-06-19","0.0","7.8","11.9","0.2","17.4","9.3"
"ASN00086282","2024-06-20","0.0","7.8","12.8","4.6","17.3","10.9"
"ASN00086282","2024-06-21","0.0","8.6","13.0","2.7","15.7","9.4"
"ASN00086282","2024-06-22","0.2","7.1","13.3","5.1","15.3","9.4"
"ASN00086282","2024-06-23","0.0","8.1","14.5","1.5","18.2","9.7"
"ASN00086282","2024-06-24","0.0","9.3","12.3","3.6","28.0","22.3"
"ASN00086282","2024-06-25","0.0","10.8","15.5","6.6","26.2","21.7"
"ASN00086282","2024-06-26","0.0","10.3","14.7","6.6","26.6","19.3"
"ASN00086282","2024-06-27","0.2","10.1","15.5","6.4","23.6","14.0"
"ASN00086282","2024-06-28","0.0","12.8","15.9","5.8","32.1","24.6"
"ASN00086282","2024-06-29","0.0","7.9","11.8","10.0","37.9","19.0"
"ASN00086282","2024-06-30","4.4","7.2","12.1","4.1","22.3","15.8"
"ASN00086282","2024-07-01","2.4","6.5","11.7","4.5","12.1","9.7"
"ASN00086282","2024-07-02","0.0","5.0","11.7","0.6","11.7","6.5"
"ASN00086282","2024-07-03","0.0","5.3","12.1","-0.9","9.8","7.0"
"ASN00086282","2024-07-04","0.2","8.7","10.4","0.0","9.2","6.9"
"ASN00086282","2024-07-05","0.0","8.7","10.9","3.3","14.0","7.1"
"ASN00086282","2024-07-06","0.0","5.6","10.2","5.9","9.0","5.0"
"ASN00086282","2024-07-07","0.0","8.8","15.7","0.4","16.3","9.9"
"ASN00086282","2024-07-08","0.0","12.1","15.3","2.5","24.3","18.7"
"ASN00086282","2024-07-09","5.0","10.7","12.4","10.2","21.3","12.7"
"ASN00086282","2024-07-10","9.2","9.6","13.2","8.5","31.1","15.3"
"ASN00086282","2024-07-11","0.0","10.2","12.1","7.7","39.6","29.9"
"ASN00086282","2024-07-12","2.4","9.9","15.1","8.9","18.8","8.5"
"ASN00086282","2024-07-13","0.6","8.6","13.7","6.2","18.6","12.7"
"ASN00086282","2024-07-14","5.4","7.7","10.7","5.5","20.9","14.9"
"ASN00086282","2024-07-15","0.8","9.9","11.5","6.0","32.9","24.9"
"ASN00086282","2024-07-16","14.4","10.6","13.7","8.1","32.7","17.8"
"ASN00086282","2024-07-17","0.0","9.2","13.6","6.3","19.7","13.4"
"ASN00086282","2024-07-18","1.2","8.6","11.9","5.4","17.4","13.1"
"ASN00086282","2024-07-19","0.0","9.9","11.2","5.4","43.3","28.8"
"ASN00086282","2024-07-20","0.2","8.7","12.4","8.5","41.4","28.6"
"ASN00086282","2024-07-21","4.4","12.0","15.8","5.3","23.0","16.4"
"ASN00086282","2024-07-22","0.0","12.8","17.5","8.7","24.0","19.6"
"ASN00086282","2024-07-23","0.0","12.1","17.8","7.8","26.6","19.3"
"ASN00086282","2024-07-24","0.0","12.2","15.0","8.7","44.4","30.6"
"ASN00086282","2024-07-25","0.0","8.9","13.3","9.1","34.0","19.9"
"ASN00086282","2024-07-26","2.4","10.8","14.5","4.8","36.3","22.6"
"ASN00086282","2024-07-27","0.0","6.5","11.5","7.4","32.1","21.7"
"ASN00086282","2024-07-28","6.6","7.2","11.6","3.6","28.2","20.7"
"ASN00086282","2024-07-29","2.2","9.3","12.2","5.0","15.9","8.7"
"ASN00086282","2024-07-30","0.6","6.7","13.3","7.2","10.6","6.3"
"ASN00086282","2024-07-31","0.0","4.8","10.3","0.0","9.2","6.4"
"ASN00086282","2024-08-01","0.0","8.9","15.4","0.6","17.7","9.0"
"ASN00086282","2024-08-02","0.0","11.2","15.4","3.1","29.0","22.5"
"ASN00086282","2024-08-03","0.0","7.8","13.9","8.6","24.1","11.0"
"ASN00086282","2024-08-04","0.0","9.4","14.4","2.3","13.7","6.5"
"ASN00086282","2024-08-05","0.0","9.4","15.1","5.0","12.0","9.5"
"ASN00086282","2024-08-06","0.0","11.5","16.8","6.1","24.4","15.9"
"ASN00086282","2024-08-07","0.0","11.3","17.2","7.0","17.7","13.9"
"ASN00086282","2024-08-08","0.0","10.9","12.1","6.5","33.9","26.5"
"ASN00086282","2024-08-09","0.0","10.9","16.9","7.5","18.6","7.8"
"ASN00086282","2024-08-10","0.0","10.3","18.1","5.2","8.4","5.1"
"ASN00086282","2024-08-11","0.0","11.9","19.2","3.4","16.7","9.7"
"ASN00086282","2024-08-12","0.0","","19.5","4.5","27.5","18.8"
"ASN00086282","2024-08-13","0.0","14.9","19.8","7.1","23.9","19.6"
"ASN00086282","2024-08-14","0.0","15.5","21.1","11.8","26.6","22.2"
"ASN00086282","2024-08-15","0.0","16.2","21.7","12.2","29.2","22.6"
"ASN00086282","2024-08-16","0.0","12.3","16.8","13.0","33.5","24.2"
"ASN00086282","2024-08-17","4.0","11.3","14.4","7.6","15.8","9.8"
"ASN00086282","2024-08-18","0.4","9.5","15.8","9.0","11.5","8.3"
"ASN00086282","2024-08-19","0.0","13.2","17.1","3.9","24.0","12.2"
"ASN00086282","2024-08-20","0.2","13.4","17.2","8.3","38.4","25.5"
"ASN00086282","2024-08-21","1.0","13.5","18.3","9.1","21.4","14.8"
"ASN00086282","2024-08-22","2.2","12.8","18.6","8.8","19.6","13.7"
"ASN00086282","2024-08-23","0.0","14.7","17.1","8.4","43.8","24.1"
"ASN00086282","2024-08-24","2.0","15.9","21.2","11.8","43.5","21.8"
"ASN00086282","2024-08-25","0.2","14.8","23.1","10.8","36.7","25.3"
"ASN00086282","2024-08-26","11.0","13.9","18.0","10.6","21.6","17.0"
"ASN00086282","2024-08-27","0.0","16.3","19.4","8.9","45.2","27.1"
"ASN00086282","2024-08-28","0.0","12.1","17.9","12.4","42.8","30.2"
"ASN00086282","2024-08-29","0.2","14.1","16.9","8.3","44.3","22.3"
"ASN00086282","2024-08-30","0.6","14.4","19.9","10.7","41.4","27.0"
"ASN00086282","2024-08-31","0.0","14.7","18.4","10.9","37.7","28.8"
"ASN00086282","2024-09-01","0.0","15.0","19.4","12.7","45.9","30.1"
"ASN00086282","2024-09-02","2.8","8.9","13.9","7.2","47.5","34.7"
"ASN00086282","2024-09-03","1.0","11.6","17.0","5.3","16.0","11.1"
"ASN00086282","2024-09-04","0.0","15.6","17.8","7.2","38.7","27.3"
"ASN00086282","2024-09-05","0.4","17.2","19.3","11.4","43.0","31.5"
"ASN00086282","2024-09-06","0.2","13.9","23.5","14.5","40.8","24.2"
"ASN00086282","2024-09-07","0.0","13.3","19.4","5.6","19.3","11.3"
"ASN00086282","2024-09-08","0.2","13.2","18.1","6.9","29.3","19.5"
"ASN00086282","2024-09-09","2.0","11.3","17.1","8.2","23.6","15.4"
"ASN00086282","2024-09-10","0.0","14.4","19.5","6.0","17.5","11.9"
"ASN00086282","2024-09-11","0.0","12.3","21.0","10.2","25.6","17.9"
"ASN00086282","2024-09-12","10.2","10.7","14.4","7.8","26.7","17.0"
"ASN00086282","2024-09-13","0.0","12.2","17.2","7.4","15.1","11.5"
"ASN00086282","2024-09-14","0.4","7.6","10.3","7.7","31.2","20.1"
"ASN00086282","2024-09-15","4.4","9.1","12.7","4.0","26.1","18.4"
"ASN00086282","2024-09-16","0.0","10.4","14.5","5.7","28.3","19.0"
"ASN00086282","2024-09-17","2.0","10.3","16.6","8.7","17.7","12.2"
"ASN00086282","2024-09-18","0.0","14.2","20.4","4.9","28.3","15.3"
"ASN00086282","2024-09-19","1.2","11.3","16.3","8.8","32.5","16.7"
"ASN00086282","2024-09-20","0.6","12.1","18.1","6.0","28.4","19.5"
"ASN00086282","2024-09-21","5.6","12.8","17.0","8.1","26.9","18.8"
"ASN00086282","2024-09-22","0.6","14.7","20.8","9.4","26.1","17.6"
"ASN00086282","2024-09-23","0.0","13.6","18.1","8.6","19.9","11.9"
"ASN00086282","2024-09-24","0.0","17.6","24.1","7.7","24.1","14.0"
"ASN00086282","2024-09-25","1.2","9.7","13.4","12.5","22.1","13.4"
"ASN00086282","2024-09-26","8.0","9.2","12.8","6.3","26.1","17.6"
"ASN00086282","2024-09-27","0.0","11.1","17.1","6.1","10.4","4.3"
"ASN00086282","2024-09-28","0.0","16.6","21.2","5.1","31.0","21.8"
"ASN00086282","2024-09-29","0.0","11.8","17.4","13.0","45.3","19.9"
"ASN00086282","2024-09-30","0.4","13.2","19.8","6.0","16.7","11.2"
"ASN00086282","2024-10-01","0.0","12.4","19.3","6.1","21.5","12.9"
"ASN00086282","2024-10-02","0.0","11.8","18.6","7.6","13.7","8.5"
"ASN00086282","2024-10-03","0.0","19.2","25.4","5.9","28.0","17.8"
"ASN00086282","2024-10-04","0.0","15.8","22.8","14.1","40.8","28.6"
"ASN00086282","2024-10-05","1.6","13.9","20.5","9.3","26.6","12.3"
"ASN00086282","2024-10-06","11.2","16.1","20.3","10.2","28.7","19.4"
"ASN00086282","2024-10-07","0.4","10.1","17.2","12.2","27.2","18.2"
"ASN00086282","2024-10-08","1.6","8.4","14.5","3.7","21.5","14.6"
"ASN00086282","2024-10-09","0.0","14.6","20.3","1.0","18.7","9.6"
"ASN00086282","2024-10-10","0.0","12.2","20.8","9.1","39.0","21.5"
"ASN00086282","2024-10-11","0.0","12.3","17.6","4.1","23.7","14.1"
"ASN00086282","2024-10-12","0.0","11.7","17.6","7.5","16.9","11.8"
"ASN00086282","2024-10-13","0.0","17.8","25.0","4.9","35.4","19.4"
"ASN00086282","2024-10-14","0.2","14.1","20.7","13.1","19.3","10.4"
"ASN00086282","2024-10-15","0.0","19.8","27.1","7.5","18.8","10.3"
"ASN00086282","2024-10-16","4.6","19.5","25.1","14.5","31.6","18.3"
"ASN00086282","2024-10-17","0.0","20.3","25.3","15.4","34.4","26.3"
"ASN00086282","2024-10-18","2.4","15.9","22.4","17.7","38.8","24.5"
"ASN00086282","2024-10-19","36.4","14.0","18.0","12.3","26.0","18.5"
"ASN00086282","2024-10-20","0.6","13.7","19.4","11.9","20.2","15.3"
"ASN00086282","2024-10-21","0.0","20.6","27.4","9.0","14.6","10.1"
"ASN00086282","2024-10-22","0.0","17.2","29.5","13.2","28.9","19.2"
"ASN00086282","2024-10-23","0.0","13.4","21.2","11.1","28.6","10.3"
"ASN00086282","2024-10-24","0.0","12.6","18.5","6.7","23.4","17.9"
"ASN00086282","2024-10-25","0.0","9.4","15.4","7.7","22.0","15.1"
"ASN00086282","2024-10-26","0.0","17.7","23.1","1.7","21.3","10.4"
"ASN00086282","2024-10-27","0.0","16.6","27.7","11.4","26.2","17.8"
"ASN00086282","2024-10-28","0.0","12.5","17.6","9.8","22.4","16.0"
"ASN00086282","2024-10-29","0.0","14.2","21.0","7.4","18.0","11.5"
"ASN00086282","2024-10-30","0.0","15.2","22.4","10.3","20.6","9.2"
"ASN00086282","2024-10-31","0.0","13.3","19.7","10.5","23.3","16.6"
"ASN00086282","2024-11-01","0.0","11.6","16.9","10.0","20.2","15.3"
"ASN00086282","2024-11-02","0.0","22.0","26.2","4.2","33.4","19.1"
"ASN00086282","2024-11-03","0.0","15.8","23.6","13.1","42.9","19.3"
"ASN00086282","2024-11-04","0.0","13.9","19.8","9.3","16.6","10.9"
"ASN00086282","2024-11-05","0.0","21.6","26.8","6.5","20.6","9.0"
"ASN00086282","2024-11-06","0.0","19.4","34.5","14.7","40.1","27.0"
"ASN00086282","2024-11-07","0.0","14.3","23.2","11.3","18.7","8.5"
"ASN00086282","2024-11-08","1.6","12.6","20.0","8.0","27.7","17.3"
"ASN00086282","2024-11-09","0.2","14.2","20.9","5.4","15.4","7.4"
"ASN00086282","2024-11-10","0.2","14.6","21.1","6.9","17.4","9.0"
"ASN00086282","2024-11-11","0.0","17.8","25.4","7.8","18.0","9.1"
"ASN00086282","2024-11-12","0.0","19.6","30.4","11.3","17.7","8.1"
"ASN00086282","2024-11-13","2.2","14.6","19.7","14.3","21.6","12.6"
"ASN00086282","2024-11-14","0.4","14.0","18.3","11.9","17.2","12.9"
"ASN00086282","2024-11-15","0.0","15.6","22.0","10.3","12.0","6.7"
"ASN00086282","2024-11-16","0.0","27.3","34.4","8.2","29.5","18.3"
"ASN00086282","2024-11-17","0.0","16.3","27.5","19.7","30.1","20.6"
"ASN00086282","2024-11-18","0.4","","21.3","9.7","20.8","15.7"
"ASN00086282","2024-11-19","0.0","","18.6","11.2","15.9","10.8"
"ASN00086282","2024-11-20","0.0","","20.4","11.6","14.9","8.8"
"ASN00086282","2024-11-21","0.0","","30.8","9.0","17.8","7.4"
"ASN00086282","2024-11-22","0.0","30.0","36.3","12.9","19.8","9.3"
"ASN00086282","2024-11-23","0.0","25.1","37.3","22.3","28.4","16.2"
"ASN00086282","2024-11-24","7.4","18.3","21.8","18.3","12.7","6.1"
"ASN00086282","2024-11-25","5.2","17.0","18.0","15.5","11.3","8.2"
"ASN00086282","2024-11-26","1.0","22.6","28.2","15.4","12.0","6.3"
"ASN00086282","2024-11-27","22.4","20.4","30.6","17.4","28.3","17.4"
"ASN00086282","2024-11-28","0.6","20.1","25.3","14.4","16.6","6.4"
"ASN00086282","2024-11-29","0.2","23.1","30.0","15.5","14.0","6.9"
"ASN00086282","2024-11-30","2.4","19.7","23.7","18.4","13.6","7.4"
"ASN00086282","2024-12-01","13.0","","26.2","17.0","22.6","13.7"
"ASN00086282","2024-12-02","2.6","25.4","31.7","13.3","20.6","12.0"
"ASN00086282","2024-12-03","0.4","20.2","31.8","17.7","28.1","18.8"
"ASN00086282","2024-12-04","0.0","17.8","24.1","9.9","12.1","7.8"
"ASN00086282","2024-12-05","0.0","27.3","33.3","10.9","13.9","7.1"
"ASN00086282","2024-12-06","0.0","22.4","32.5","19.0","21.2","13.0"
"ASN00086282","2024-12-07","5.8","19.6","29.7","18.1","22.0","17.0"
"ASN00086282","2024-12-08","0.0","15.2","22.9","10.3","17.7","13.5"
"ASN00086282","2024-12-09","0.0","16.6","22.4","8.9","18.6","7.6"
"ASN00086282","2024-12-10","0.0","16.4","22.8","12.9","16.1","9.6"
"ASN00086282","2024-12-11","0.0","18.4","26.4","10.6","30.4","12.0"
"ASN00086282","2024-12-12","0.0","20.3","27.8","13.1","14.9","8.8"
"ASN00086282","2024-12-13","0.0","17.5","23.0","15.5","19.5","10.4"
"ASN00086282","2024-12-14","0.0","17.7","25.7","12.4","15.3","6.4"
"ASN00086282","2024-12-15","0.0","25.7","33.5","10.8","15.8","6.0"
"ASN00086282","2024-12-16","0.0","26.1","40.8","17.9","32.4","20.7"
"ASN00086282","2024-12-17","0.2","17.6","26.0","16.4","23.2","16.5"
"ASN00086282","2024-12-18","0.0","16.7","22.6","10.9","20.4","14.1"
"ASN00086282","2024-12-19","0.0","23.7","31.3","9.3","14.1","7.3"
"ASN00086282","2024-12-20","0.0","22.7","35.5","14.5","21.9","9.8"
"ASN00086282","2024-12-21","0.0","16.0","22.1","15.4","21.5","16.7"
"ASN00086282","2024-12-22","0.0","14.7","23.0","12.1","19.4","11.3"
"ASN00086282","2024-12-23","0.0","15.1","20.0","9.0","27.7","21.4"
"ASN00086282","2024-12-24","0.2","18.6","24.5","12.6","16.5","12.2"
"ASN00086282","2024-12-25","0.0","28.2","35.2","15.9","17.3","6.6"
"ASN00086282","2024-12-26","0.0","25.4","37.3","19.5","30.9","20.1"
"ASN00086282","2024-12-27","0.0","16.4","24.3","14.0","18.0","13.1"
"ASN00086282","2024-12-28","0.0","16.9","25.5","9.5","20.2","9.7"
"ASN00086282","2024-12-29","2.4","19.2","26.4","9.4","17.5","9.5"
"ASN00086282","2024-12-30","0.0","20.6","29.5","12.5","17.0","8.3"
"ASN00086282","2024-12-31","0.0","18.8","26.3","15.2","17.9","10.3"
"ASN00086282","2025-01-01","0.0","17.6","23.2","12.5","22.6","12.2"
"ASN00086282","2025-01-02","0.0","15.9","21.4","13.7","20.7","15.4"
"ASN00086282","2025-01-03","0.0","23.1","30.7","9.2","15.5","6.6"
"ASN00086282","2025-01-04","0.0","29.0","38.7","14.7","19.9","10.9"
"ASN00086282","2025-01-05","0.0","28.9","40.9","19.8","27.0","14.6"
"ASN00086282","2025-01-06","3.4","14.4","16.8","16.4","20.7","14.7"
"ASN00086282","2025-01-07","25.0","18.4","25.8","11.7","20.8","13.5"
"ASN00086282","2025-01-08","0.0","24.3","30.3","11.6","11.4","6.6"
"ASN00086282","2025-01-09","0.0","23.9","31.7","17.8","23.7","12.4"
"ASN00086282","2025-01-10","0.0","23.6","30.3","17.5","13.4","7.9"
"ASN00086282","2025-01-11","0.0","26.4","33.9","16.2","24.4","9.9"
"ASN00086282","2025-01-12","0.0","20.0","28.7","19.4","24.5","11.1"
"ASN00086282","2025-01-13","7.0","21.1","27.6","17.4","15.2","8.1"
"ASN00086282","2025-01-14","0.0","22.0","27.2","17.8","12.6","6.6"
"ASN00086282","2025-01-15","0.0","16.6","23.9","17.7","22.5","15.2"
"ASN00086282","2025-01-16","4.0","17.9","22.0","10.1","22.6","16.2"
"ASN00086282","2025-01-17","0.8","18.1","22.8","14.9","21.3","14.3"
"ASN00086282","2025-01-18","0.0","22.2","30.3","13.0","13.2","6.8"
"ASN00086282","2025-01-19","0.0","25.9","34.9","13.4","16.7","8.4"
"ASN00086282","2025-01-20","0.0","26.1","35.9","16.5","13.7","6.0"
"ASN00086282","2025-01-21","0.0","23.0","34.5","17.2","20.9","11.1"
"ASN00086282","2025-01-22","0.0","17.2","22.6","16.3","25.3","20.0"
"ASN00086282","2025-01-23","0.0","16.1","21.8","10.8","21.6","11.3"
"ASN00086282","2025-01-24","0.8","18.2","23.2","10.9","18.7","13.0"
"ASN00086282","2025-01-25","0.0","19.8","27.5","13.3","18.4","10.2"
"ASN00086282","2025-01-26","0.0","19.9","27.8","15.6","13.9","9.8"
"ASN00086282","2025-01-27","0.0","25.3","41.5","14.5","26.5","15.0"
"ASN00086282","2025-01-28","1.2","18.0","23.7","15.8","20.7","17.3"
"ASN00086282","2025-01-29","0.0","17.1","21.8","14.7","19.3","13.6"
"ASN00086282","2025-01-30","0.0","17.6","22.4","14.1","18.6","12.8"
"ASN00086282","2025-01-31","0.0","18.6","24.3","12.7","17.8","10.0"
"ASN00086282","2025-02-01","0.0","26.6","33.6","13.1","10.5","5.4"
"ASN00086282","2025-02-02","0.0","28.8","39.5","17.4","29.5","18.1"
"ASN00086282","2025-02-03","8.4","30.3","38.6","20.1","21.5","11.1"
"ASN00086282","2025-02-04","0.0","23.2","38.7","23.2","19.0","14.5"
"ASN00086282","2025-02-05","0.0","20.4","25.2","16.5","16.5","12.4"
"ASN00086282","2025-02-06","0.0","25.0","37.8","16.0","15.8","8.6"
"ASN00086282","2025-02-07","0.0","19.2","24.1","17.2","20.7","11.6"
"ASN00086282","2025-02-08","0.0","18.8","20.9","15.5","18.5","14.4"
"ASN00086282","2025-02-09","0.0","21.6","29.2","16.9","19.7","12.7"
"ASN00086282","2025-02-10","0.0","21.7","28.1","16.5","21.3","14.2"
"ASN00086282","2025-02-11","0.0","24.7","31.4","16.7","14.7","7.1"
"ASN00086282","2025-02-12","0.0","28.6","35.2","16.7","12.5","4.5"
"ASN00086282","2025-02-13","0.0","23.0","34.7","21.0","33.3","21.9"
"ASN00086282","2025-02-14","0.8","16.2","25.4","13.6","18.1","10.4"
"ASN00086282","2025-02-15","8.2","12.1","18.5","10.7","26.0","18.0"
"ASN00086282","2025-02-16","2.6","14.4","19.6","8.4","22.9","16.5"
"ASN00086282","2025-02-17","0.8","16.3","23.0","10.5","11.0","6.2"
"ASN00086282","2025-02-18","0.0","16.5","22.8","10.6","20.7","11.9"
"ASN00086282","2025-02-19","0.0","16.1","20.2","13.3","19.7","15.7"
"ASN00086282","2025-02-20","0.0","15.9","21.3","13.7","18.7","14.0"
"ASN00086282","2025-02-21","0.0","25.4","33.2","8.8","18.4","9.6"
"ASN00086282","2025-02-22","0.0","30.6","37.3","14.2","30.7","22.6"
"ASN00086282","2025-02-23","0.0","20.4","32.5","24.4","34.0","20.3"
"ASN00086282","2025-02-24","0.0","18.3","23.0","12.0","15.4","10.9"
"ASN00086282","2025-02-25","0.0","20.0","27.0","14.3","12.4","7.7"
"ASN00086282","2025-02-26","0.0","23.4","36.6","13.5","23.6","13.2"
"ASN00086282","2025-02-27","0.0","20.9","27.8","17.8","11.7","6.3"
"ASN00086282","2025-02-28","0.0","21.8","29.4","16.6","20.7","9.7"
"ASN00086282","2025-03-01","0.0","19.5","26.4","15.0","16.1","7.2"
"ASN00086282","2025-03-02","0.0","16.0","22.4","13.5","20.8","13.0"
"ASN00086282","2025-03-03","0.0","15.8","21.4","10.3","17.7","10.5"
"ASN00086282","2025-03-04","0.0","24.9","33.6","10.5","17.5","8.6"
"ASN00086282","2025-03-05","0.0","22.7","35.8","16.4","25.0","14.7"
"ASN00086282","2025-03-06","0.2","18.8","25.1","16.6","15.1","11.4"
"ASN00086282","2025-03-07","0.0","21.9","30.2","14.0","11.4","6.6"
"ASN00086282","2025-03-08","0.0","25.3","33.8","12.9","18.9","8.4"
"ASN00086282","2025-03-09","0.0","27.8","35.4","16.3","25.5","15.8"
"ASN00086282","2025-03-10","0.0","25.6","33.4","21.9","16.4","9.5"
"ASN00086282","2025-03-11","0.0","25.2","33.4","18.9","10.9","5.9"
"ASN00086282","2025-03-12","0.0","23.3","36.4","18.1","26.0","13.4"
"ASN00086282","2025-03-13","0.2","18.9","25.4","17.2","13.3","7.1"
"ASN00086282","2025-03-14","0.0","22.1","29.8","14.0","13.5","5.7"
"ASN00086282","2025-03-15","0.0","28.3","38.7","16.4","21.4","9.3"
"ASN00086282","2025-03-16","3.8","13.1","21.6","19.0","23.7","14.0"
"ASN00086282","2025-03-17","5.0","14.9","19.0","9.3","19.9","12.8"
"ASN00086282","2025-03-18","0.0","17.1","26.7","9.0","14.7","5.3"
"ASN00086282","2025-03-19","0.0","25.7","33.3","9.4","18.7","10.6"
"ASN00086282","2025-03-20","0.0","19.6","28.7","16.7","28.5","19.6"
"ASN00086282","2025-03-21","9.8","14.2","18.6","14.2","13.4","9.2"
"ASN00086282","2025-03-22","1.0","14.6","21.6","9.3","13.3","5.8"
"ASN00086282","2025-03-23","0.0","18.4","23.4","9.7","11.4","6.2"
"ASN00086282","2025-03-24","0.0","15.7","20.9","14.9","15.5","8.4"
"ASN00086282","2025-03-25","0.0","18.5","23.7","11.3","11.1","6.3"
"ASN00086282","2025-03-26","0.0","17.6","20.9","14.5","13.6","7.9"
"ASN00086282","2025-03-27","0.0","17.9","22.6","15.5","10.8","7.6"
"ASN00086282","2025-03-28","0.0","23.3","31.2","12.9","26.8","12.1"
"ASN00086282","2025-03-29","2.8","17.4","20.7","18.1","18.0","13.7"
"ASN00086282","2025-03-30","0.8","16.7","21.5","15.4","24.5","18.3"
"ASN00086282","2025-03-31","0.0","16.1","21.7","13.5","21.7","16.9"
"ASN00086282","2025-04-01","0.0","15.9","24.5","11.2","13.8","10.6"
"ASN00086282","2025-04-02","0.0","16.9","25.3","9.0","13.7","5.7"
"ASN00086282","2025-04-03","0.0","14.7","21.9","9.2","16.9","9.9"
"ASN00086282","2025-04-04","4.4","13.9","17.7","10.0","14.4","10.6"
"ASN00086282","2025-04-05","0.2","11.9","18.9","9.3","19.0","11.2"
"ASN00086282","2025-04-06","0.0","15.2","22.9","4.7","26.2","13.2"
"ASN00086282","2025-04-07","0.6","13.7","18.4","10.5","19.2","12.2"
"ASN00086282","2025-04-08","0.0","12.6","19.1","7.9","13.6","6.1"
"ASN00086282","2025-04-09","0.0","16.8","23.4","6.4","11.0","3.8"
"ASN00086282","2025-04-10","0.0","21.2","28.0","12.8","17.8","10.7"
"ASN00086282","2025-04-11","0.0","15.6","21.9","13.9","20.4","7.1"
"ASN00086282","2025-04-12","0.0","24.4","31.0","10.1","16.9","7.5"
"ASN00086282","2025-04-13","0.0","23.7","32.4","16.7","22.9","16.1"
"ASN00086282","2025-04-14","0.0","15.9","21.7","15.2","14.0","7.9"
"ASN00086282","2025-04-15","0.0","20.8","28.4","10.1","13.3","6.4"
"ASN00086282","2025-04-16","0.0","21.2","28.8","14.4","21.7","13.4"
"ASN00086282","2025-04-17","0.0","22.8","30.3","14.5","12.4","5.1"
"ASN00086282","2025-04-18","0.2","22.1","31.3","16.6","25.7","13.3"
"ASN00086282","2025-04-19","0.0","23.4","30.6","15.8","27.9","17.9"
"ASN00086282","2025-04-20","0.0","17.7","25.3","18.9","18.1","12.8"
"ASN00086282","2025-04-21","0.0","15.8","22.2","12.3","21.5","12.2"
"ASN00086282","2025-04-22","2.6","14.7","18.6","12.3","15.3","12.4"
"ASN00086282","2025-04-23","0.0","17.7","23.4","10.5","10.7","5.9"
"ASN00086282","2025-04-24","0.0","22.1","27.0","13.2","24.1","15.7"
"ASN00086282","2025-04-25","0.0","17.4","24.9","14.8","20.5","12.3"
"ASN00086282","2025-04-26","7.8","16.0","17.7","14.4","15.0","7.6"
"ASN00086282","2025-04-27","0.4","13.2","16.5","15.0","14.8","10.3"
"ASN00086282","2025-04-28","0.0","14.6","18.0","10.0","11.0","7.2"
"ASN00086282","2025-04-29","16.4","13.0","16.8","12.1","20.0","13.3"
"ASN00086282","2025-04-30","4.4","12.2","18.6","8.0","17.3","11.2"
"ASN00086282","2025-05-01","0.0","11.5","18.0","5.5","10.3","6.0"
"ASN00086282","2025-05-02","0.0","13.3","20.8","6.1","11.7","5.2"
"ASN00086282","2025-05-03","0.0","15.9","21.5","5.6","17.8","13.0"
"ASN00086282","2025-05-04","0.0","17.7","23.1","8.8","24.5","19.6"
"ASN00086282","2025-05-05","0.0","20.3","24.8","14.1","26.4","22.5"
"ASN00086282","2025-05-06","0.0","19.8","26.5","16.0","25.7","19.6"
"ASN00086282","2025-05-07","0.0","12.2","21.0","13.9","24.8","16.5"
"ASN00086282","2025-05-08","1.0","11.9","17.3","6.0","16.7","10.4"
"ASN00086282","2025-05-09","0.0","11.1","18.4","6.3","6.4","4.4"
"ASN00086282","2025-05-10","0.0","13.0","20.1","5.5","7.4","4.4"
"ASN00086282","2025-05-11","0.0","16.3","23.3","7.1","18.6","12.0"
"ASN00086282","2025-05-12","0.0","13.4","21.7","8.4","12.5","7.8"
"ASN00086282","2025-05-13","0.0","15.0","22.4","7.6","8.9","3.9"
"ASN00086282","2025-05-14","0.0","13.0","20.2","9.6","11.4","6.5"
"ASN00086282","2025-05-15","0.0","11.2","17.9","7.0","8.1","4.4"
"ASN00086282","2025-05-16","0.0","13.3","17.3","6.0","11.8","5.7"
"ASN00086282","2025-05-17","1.2","9.2","12.7","8.3","16.3","10.9"
"ASN00086282","2025-05-18","17.4","7.2","13.7","6.6","17.7","10.8"
"ASN00086282","2025-05-19","0.0","7.5","14.0","0.0","11.1","4.2"
"ASN00086282","2025-05-20","0.0","8.7","18.0","2.5","12.1","6.9"
"ASN00086282","2025-05-21","0.0","9.3","15.8","1.4","7.9","4.9"
"ASN00086282","2025-05-22","0.0","13.3","15.2","4.1","12.5","7.3"
"ASN00086282","2025-05-23","0.0","14.1","16.8","8.9","13.6","6.3"
"ASN00086282","2025-05-24","0.6","13.8","18.3","10.9","25.6","15.2"
"ASN00086282","2025-05-25","0.0","14.3","18.4","8.9","29.2","19.8"
"ASN00086282","2025-05-26","0.0","13.4","20.2","10.9","33.1","27.4"
"ASN00086282","2025-05-27","0.0","11.7","15.2","7.2","23.9","16.9"
"ASN00086282","2025-05-28","1.4","11.7","15.1","10.0","23.5","17.3"
"ASN00086282","2025-05-29","2.2","12.0","16.1","10.2","16.0","10.0"
"ASN00086282","2025-05-30","0.0","11.9","15.5","9.0","12.6","8.8"
"ASN00086282","2025-05-31","0.0","10.2","16.2","8.6","6.7","4.4"
"ASN00086282","2025-06-01","0.0","13.0","18.1","4.9","22.0","17.0"
"ASN00086282","2025-06-02","0.0","13.5","20.0","10.0","19.6","15.7"
"ASN00086282","2025-06-03","4.6","8.5","13.2","9.8","22.4","13.4"
"ASN00086282","2025-06-04","6.6","8.0","12.8","5.7","23.6","12.4"
"ASN00086282","2025-06-05","0.0","10.9","15.2","3.6","22.1","10.3"
"ASN00086282","2025-06-06","0.0","10.6","14.5","8.0","31.5","27.3"
"ASN00086282","2025-06-07","0.8","9.3","15.1","8.8","22.6","18.6"
"ASN00086282","2025-06-08","7.0","9.3","11.2","6.4","19.1","14.4"
"ASN00086282","2025-06-09","5.0","9.9","13.3","7.5","20.5","13.3"
"ASN00086282","2025-06-10","3.2","9.3","14.7","5.9","13.2","8.0"
"ASN00086282","2025-06-11","0.0","8.8","14.8","4.7","7.4","5.1"
"ASN00086282","2025-06-12","0.6","7.3","14.8","5.1","10.1","4.6"
"ASN00086282","2025-06-13","0.0","8.2","14.8","2.6","7.9","4.0"
"ASN00086282","2025-06-14","0.0","9.1","10.7","3.4","27.0","16.9"
"ASN00086282","2025-06-15","0.0","9.8","12.3","6.4","23.2","17.0"
"ASN00086282","2025-06-16","0.0","10.4","13.6","8.2","31.5","23.3"
"ASN00086282","2025-06-17","0.6","8.5","12.3","8.3","25.0","17.7"
"ASN00086282","2025-06-18","0.6","7.9","11.9","4.7","10.7","7.7"
"ASN00086282","2025-06-19","0.0","8.3","13.0","3.4","16.9","14.5"
"ASN00086282","2025-06-20","0.0","9.6","16.5","5.8","15.7","11.7"
"ASN00086282","2025-06-21","0.0","8.0","12.4","5.3","18.2","14.3"
"ASN00086282","2025-06-22","0.0","12.0","14.8","3.3","31.5","21.8"
"ASN00086282","2025-06-23","0.0","14.2","18.3","8.8","34.9","29.3"
"ASN00086282","2025-06-24","2.4","9.6","13.2","9.7","40.9","27.0"
"ASN00086282","2025-06-25","2.2","6.7","10.7","5.8","28.3","19.7"
"ASN00086282","2025-06-26","4.8","8.4","12.6","4.5","13.9","8.6"
"ASN00086282","2025-06-27","0.0","10.0","14.0","4.2","6.9","3.9"
"ASN00086282","2025-06-28","0.0","9.8","13.4","5.2","11.7","5.2"
"ASN00086282","2025-06-29","0.0","9.6","13.2","6.7","11.1","7.3"
"ASN00086282","2025-06-30","0.6","8.3","12.6","7.7","13.2","8.3"
"ASN00086282","2025-07-01","2.2","9.1","12.5","4.2","17.5","11.7"
"ASN00086282","2025-07-02","0.6","8.9","10.0","5.5","15.3","11.6"
"ASN00086282","2025-07-03","7.4","8.7","14.0","6.9","12.4","6.9"
"ASN00086282","2025-07-04","0.0","11.2","15.3","4.5","23.4","13.6"
"ASN00086282","2025-07-05","0.0","12.5","16.3","8.5","27.6","21.8"
"ASN00086282","2025-07-06","0.0","9.9","15.4","8.5","28.7","11.1"
"ASN00086282","2025-07-07","0.0","11.8","17.4","4.7","17.1","5.8"
"ASN00086282","2025-07-08","0.0","9.3","14.9","8.3","44.6","25.8"
"ASN00086282","2025-07-09","0.0","9.1","11.8","5.0","27.6","20.9"
"ASN00086282","2025-07-10","2.2","9.4","12.1","6.9","27.4","17.7"
"ASN00086282","2025-07-11","0.8","10.7","16.8","7.1","22.9","15.2"
"ASN00086282","2025-07-12","1.4","12.4","16.3","5.8","17.5","10.2"
"ASN00086282","2025-07-13","0.0","9.8","15.1","9.7","29.7","21.9"
"ASN00086282","2025-07-14","1.6","9.8","14.5","4.8","17.5","12.1"
"ASN00086282","2025-07-15","0.2","8.8","14.6","5.7","18.6","11.6"
"ASN00086282","2025-07-16","0.0","10.4","13.8","5.2","19.0","14.3"
"ASN00086282","2025-07-17","0.0","8.3","15.5","8.0","22.7","13.8"
"ASN00086282","2025-07-18","0.8","9.6","15.7","3.9","13.8","7.5"
"ASN00086282","2025-07-19","0.0","8.7","14.0","5.0","32.4","20.2"
"ASN00086282","2025-07-20","0.0","8.7","14.3","3.5","13.2","9.3"
"ASN00086282","2025-07-21","0.0","13.0","15.1","3.5","29.3","20.9"
"ASN00086282","2025-07-22","0.0","9.6","13.7","9.5","37.7","26.1"
"ASN00086282","2025-07-23","","7.8","12.4","6.3","24.1","15.7"
"ASN00086282","2025-07-24","6.8","9.8","16.0","4.6","17.5","10.0"
"ASN00086282","2025-07-25","0.0","9.6","11.8","6.6","41.6","23.3"
"ASN00086282","2025-07-26","1.4","10.4","11.7","8.1","41.0","25.0"
"ASN00086282","2025-07-27","1.4","11.0","14.2","7.8","18.1","12.2"
"ASN00086282","2025-07-28","1.2","9.4","14.7","9.1","24.1","16.6"
"ASN00086282","2025-07-29","0.0","8.2","13.7","4.9","11.0","6.9"
"ASN00086282","2025-07-30","0.2","8.1","13.4","3.0","15.5","8.2"
"ASN00086282","2025-07-31","0.0","7.6","13.1","3.8","14.5","7.4"
"ASN00086282","2025-08-01","","8.4","12.7","1.4","8.1","5.8"
"ASN00086282","2025-08-02","0.0","7.2","13.1","5.2","7.8","5.3"
"ASN00086282","2025-08-03","0.0","12.4","19.3","2.4","14.8","5.6"
"ASN00086282","2025-08-04","0.0","13.3","18.1","6.2","31.4","23.9"
"ASN00086282","2025-08-05","0.8","12.3","16.3","7.1","29.3","15.0"
"ASN00086282","2025-08-06","0.2","7.8","13.7","8.2","20.2","13.2"
"ASN00086282","2025-08-07","0.0","8.6","12.6","2.4","11.0","6.3"
"ASN00086282","2025-08-08","0.0","8.8","13.9","4.6","11.0","6.1"
"ASN00086282","2025-08-09","0.0","8.6","17.1","3.4","9.4","5.1"
"ASN00086282","2025-08-10","0.0","9.9","18.6","1.0","8.4","4.4"
"ASN00086282","2025-08-11","0.0","11.2","17.9","2.4","15.3","9.8"
"ASN00086282","2025-08-12","0.0","9.8","13.7","4.6","24.3","17.1"
"ASN00086282","2025-08-13","8.4","8.7","14.9","5.0","14.7","8.3"
"ASN00086282","2025-08-14","0.0","11.8","18.1","3.1","21.0","9.5"
"ASN00086282","2025-08-15","0.0","8.8","14.1","7.0","33.9","21.0"
"ASN00086282","2025-08-16","3.2","7.1","12.3","5.3","18.3","12.2"
"ASN00086282","2025-08-17","","8.8","12.7","2.5","13.8","8.6"
"ASN00086282","2025-08-18","","6.2","11.3","4.0","15.0","7.5"
"ASN00086282","2025-08-19","0.2","8.3","16.5","0.2","13.9","6.4"
"ASN00086282","2025-08-20","0.0","10.2","18.3","0.7","10.3","6.4"
"ASN00086282","2025-08-21","0.0","14.7","20.8","3.2","10.5","6.5"
"ASN00086282","2025-08-22","0.0","13.0","19.0","8.0","17.3","13.9"
"ASN00086282","2025-08-23","0.4","8.7","14.9","6.1","14.9","9.4"
"ASN00086282","2025-08-24","0.0","8.1","14.8","2.4","10.2","6.0"
"ASN00086282","2025-08-25","0.0","","17.7","1.7","28.4","13.6"
"ASN00086282","2025-08-26","0.0","","15.3","10.5","42.1","30.1"
"ASN00086282","2025-08-27","5.2","","16.7","8.7","28.6","21.1"
"ASN00086282","2025-08-28","0.2","","16.0","7.0","28.6","19.9"
"ASN00086282","2025-08-29","0.0","","14.3","7.4","36.5","22.6"
"ASN00086282","2025-08-30","13.4","","12.6","4.8","35.0","22.2"
"ASN00086282","2025-08-31","1.0","","16.9","5.6","18.8","12.5"
"ASN00086282","2025-09-01","0.2","","16.5","6.3","14.3","9.1"
"ASN00086282","2025-09-02","0.0","","17.1","7.6","25.6","15.8"
"ASN00086282","2025-09-03","0.0","","18.5","9.0","22.9","16.9"
"ASN00086282","2025-09-04","0.4","","15.4","8.1","23.9","14.1"
"ASN00086282","2025-09-05","1.2","","14.7","1.3","11.0","5.9"
"ASN00086282","2025-09-06","0.0","","20.3","1.0","29.7","20.4"
"ASN00086282","2025-09-07","0.2","","17.8","13.3","40.9","31.5"
"ASN00086282","2025-09-08","2.6","","19.8","10.9","24.7","16.8"
"ASN00086282","2025-09-09","0.0","","18.1","8.3","16.7","8.9"
"ASN00086282","2025-09-10","0.4","","12.6","4.9","25.4","13.8"
"ASN00086282","2025-09-11","2.2","","14.8","7.4","19.6","12.7"
"ASN00086282","2025-09-12","2.2","","16.6","5.6","18.8","12.7"
"ASN00086282","2025-09-13","0.6","","18.9","9.5","11.9","7.6"
"ASN00086282","2025-09-14","0.0","","21.1","7.9","24.8","16.7"
"ASN00086282","2025-09-15","0.0","","24.2","10.7","43.0","30.6"
"ASN00086282","2025-09-16","0.0","","19.3","13.7","27.1","17.4"
"ASN00086282","2025-09-17","0.0","","15.8","7.7","21.0","14.0"
"ASN00086282","2025-09-18","0.0","","19.6","4.9","25.2","17.4"
"ASN00086282","2025-09-19","0.0","","22.6","11.5","33.7","26.3"
"ASN00086282","2025-09-20","0.2","","15.5","6.8","23.6","17.6"
"ASN00086282","2025-09-21","0.2","","16.3","8.0","20.3","16.9"
"ASN00086282","2025-09-22","2.6","","14.7","6.0","23.4","16.2"
"ASN00086282","2025-09-23","0.6","","18.0","6.3","19.1","12.7"
"ASN00086282","2025-09-24","0.0","","18.4","11.6","22.9","13.6"
"ASN00086282","2025-09-25","1.8","","16.7","9.9","23.0","14.3"
"ASN00086282","2025-09-26","0.0","","24.2","11.8","24.2","17.0"
"ASN00086282","2025-09-27","0.0","","19.4","6.4","23.0","12.9"
"ASN00086282","2025-09-28","0.0","","16.7","6.7","12.6","7.9"
"ASN00086282","2025-09-29","0.0","","22.5","4.7","22.1","14.1"
"ASN00086282","2025-09-30","0.6","","22.5","12.5","33.8","18.3"
"ASN00086282","2025-10-01","0.6","","18.5","8.0","26.2","16.7"
"ASN00086282","2025-10-02","1.4","","16.5","6.9","30.1","21.2"
"ASN00086282","2025-10-03","0.2","","19.8","9.8","27.2","15.6"
"ASN00086282","2025-10-04","0.0","","25.5","6.8","17.3","9.3"
"ASN00086282","2025-10-05","0.0","","26.5","14.8","32.0","22.8"
"ASN00086282","2025-10-06","2.0","","16.7","10.5","23.9","14.6"
"ASN00086282","2025-10-07","0.0","","19.4","5.9","18.2","10.4"
"ASN00086282","2025-10-08","0.0","","24.1","7.6","23.1","13.4"
"ASN00086282","2025-10-09","0.0","","22.0","9.4","30.1","15.3"
"ASN00086282","2025-10-10","0.0","","22.9","10.8","29.9","19.3"
"ASN00086282","2025-10-11","0.0","","22.9","9.8","26.0","14.1"
"ASN00086282","2025-10-12","0.0","","20.1","8.5","22.6","13.0"
"ASN00086282","2025-10-13","5.6","","17.7","4.1","11.0","6.0"
"ASN00086282","2025-10-14","0.0","","21.5","4.7","17.9","10.1"
"ASN00086282","2025-10-15","0.0","","24.7","4.8","14.8","5.6"
"ASN00086282","2025-10-16","0.0","","30.8","7.6","29.2","20.5"
"ASN00086282","2025-10-17","0.2","","21.2","12.0","23.5","12.5"
"ASN00086282","2025-10-18","0.0","","21.5","5.9","15.5","8.6"
"ASN00086282","2025-10-19","0.0","","28.1","13.1","33.1","20.8"
"ASN00086282","2025-10-20","4.6","","18.7","12.0","14.4","8.1"
"ASN00086282","2025-10-21","1.4","","24.4","7.4","24.0","7.3"
"ASN00086282","2025-10-22","0.6","","21.6","12.2","45.7","26.7"
"ASN00086282","2025-10-23","1.8","","18.2","9.4","15.8","10.3"
"ASN00086282","2025-10-24","0.0","","18.0","7.5","13.0","7.6"
"ASN00086282","2025-10-25","0.0","","17.2","4.8","7.6","3.9"
"ASN00086282","2025-10-26","9.4","","18.7","12.0","25.5","13.5"
"ASN00086282","2025-10-27","14.8","","13.8","8.7","26.5","19.2"
"ASN00086282","2025-10-28","0.0","","18.1","2.1","15.2","9.5"
"ASN00086282","2025-10-29","0.0","","21.6","6.0","13.1","6.6"
"ASN00086282","2025-10-30","0.0","","25.2","6.6","16.5","7.1"
"ASN00086282","2025-10-31","0.0","","20.1","13.2","20.2","11.4"
"ASN00086282","2025-11-01","2.0","","22.7","10.2","11.0","6.7"
"ASN00086282","2025-11-02","0.2","","32.5","11.3","25.6","14.7"
"ASN00086282","2025-11-03","12.6","","14.9","11.8","15.8","6.8"
"ASN00086282","2025-11-04","19.6","","17.8","8.6","25.1","12.6"
"ASN00086282","2025-11-05","0.6","","20.3","9.6","23.8","16.0"
"ASN00086282","2025-11-06","0.0","","25.4","7.4","22.2","10.8"
"ASN00086282","2025-11-07","1.6","","26.9","13.4","25.6","12.6"
"ASN00086282","2025-11-08","3.6","","11.7","9.9","26.1","19.5"
"ASN00086282","2025-11-09","5.2","","15.7","8.4","20.3","13.4"
"ASN00086282","2025-11-10","1.2","","17.7","9.3","17.1","10.3"
"ASN00086282","2025-11-11","9.8","","14.4","7.1","22.5","15.0"
"ASN00086282","2025-11-12","2.6","","20.8","4.1","17.9","11.6"
"ASN00086282","2025-11-13","0.2","","24.4","8.8","26.2","17.0"
"ASN00086282","2025-11-14","0.0","","18.9","10.6","12.1","7.7"
"ASN00086282","2025-11-15","2.0","","23.9","10.5","13.2","6.6"
"ASN00086282","2025-11-16","0.2","","20.1","12.1","24.3","11.2"
"ASN00086282","2025-11-17","7.8","","16.9","9.6","24.7","17.2"
"ASN00086282","2025-11-18","0.0","","23.7","10.9","24.3","16.0"
"ASN00086282","2025-11-19","2.6","","22.4","10.1","20.6","10.5"
"ASN00086282","2025-11-20","0.2","","16.3","8.6","18.2","11.8"
"ASN00086282","2025-11-21","0.6","","17.8","7.5","19.8","12.6"
"ASN00086282","2025-11-22","0.0","","25.5","8.6","18.0","8.1"
"ASN00086282","2025-11-23","17.8","","17.7","12.1","14.9","11.1"
"ASN00086282","2025-11-24","0.0","","28.2","13.0","23.6","7.0"
"ASN00086282","2025-11-25","0.8","","26.7","16.2","28.8","13.5"
"ASN00086282","2025-11-26","0.0","","21.9","12.9","34.4","18.1"
"ASN00086282","2025-11-27","2.8","","20.5","11.2","22.3","15.5"
"ASN00086282","2025-11-28","0.0","","23.7","8.2","16.3","7.9"
"ASN00086282","2025-11-29","22.0","","18.3","12.3","21.3","12.7"
"ASN00086282","2025-11-30","3.4","","16.6","10.3","23.5","13.6"
"ASN00086282","2025-12-01","9.0","","15.8","8.6","24.2","17.4"
"ASN00086282","2025-12-02","1.8","","18.1","8.1","19.0","11.7"
"ASN00086282","2025-12-03","0.2","","29.5","10.0","19.0","13.7"
"ASN00086282","2025-12-04","0.0","","34.1","17.5","28.0","19.4"
"ASN00086282","2025-12-05","0.0","","25.2","11.6","13.8","6.8"
"ASN00086282","2025-12-06","0.2","","18.9","11.7","22.7","9.8"
"ASN00086282","2025-12-07","5.2","","20.2","6.3","15.7","11.4"
"ASN00086282","2025-12-08","0.0","","28.5","9.3","18.2","12.3"
"ASN00086282","2025-12-09","0.0","","21.1","15.6","15.5","10.2"
"ASN00086282","2025-12-10","0.0","","19.4","8.0","14.3","7.8"
"ASN00086282","2025-12-11","0.0","","22.8","8.2","15.3","10.9"
"ASN00086282","2025-12-12","0.0","","32.1","10.1","26.7","11.2"
"ASN00086282","2025-12-13","0.0","","30.5","19.3","27.6","13.6"
"ASN00086282","2025-12-14","1.6","","21.2","10.9","27.2","18.6"
"ASN00086282","2025-12-15","0.0","","17.5","8.8","20.9","16.4"
"ASN00086282","2025-12-16","0.0","","20.0","10.8","14.7","10.0"
"ASN00086282","2025-12-17","0.0","","33.1","9.2","16.0","7.9"
"ASN00086282","2025-12-18","0.0","","38.2","14.1","24.0","10.8"
"ASN00086282","2025-12-19","0.0","","33.9","20.5","17.6","9.1"
"ASN00086282","2025-12-20","0.0","","22.7","14.8","15.7","9.4"
"ASN00086282","2025-12-21","0.0","","19.6","13.7","19.1","9.8"
"ASN00086282","2025-12-22","13.8","","21.2","9.8","17.5","11.2"
"ASN00086282","2025-12-23","0.0","","21.7","10.9","19.5","11.9"
"ASN00086282","2025-12-24","0.0","","20.7","10.0","25.3","16.9"
"ASN00086282","2025-12-25","0.0","","18.9","9.4","26.5","20.0"
"ASN00086282","2025-12-26","0.0","","17.5","9.4","22.5","18.2"
"ASN00086282","2025-12-27","0.0","","22.1","11.3","16.2","10.2"
"ASN00086282","2025-12-28","0.0","","29.7","8.6","13.0","6.8"
"ASN00086282","2025-12-29","0.0","","34.9","12.1","15.4","7.5"
"ASN00086282","2025-12-30","0.0","","34.4","19.8","22.7","13.8"
"ASN00086282","2025-12-31","0.2","","18.1","13.0","25.6","20.8"
"ASN00086282","2026-01-01","0.2","","21.7","13.6","19.3","15.5"
"ASN00086282","2026-01-02","0.0","","27.0","13.2","10.3","8.2"
"ASN00086282","2026-01-03","0.0","","33.4","13.3","24.5","11.8"
"ASN00086282","2026-01-04","0.0","","22.6","15.9","15.9","13.2"
"ASN00086282","2026-01-05","0.0","","23.5","12.8","16.1","10.2"
"ASN00086282","2026-01-06","0.0","","33.3","11.5","12.1","6.5"
"ASN00086282","2026-01-07","0.0","","41.9","16.3","25.7","14.7"
"ASN00086282","2026-01-08","0.0","","36.5","21.1","18.6","9.0"
"ASN00086282","2026-01-09","0.0","","44.4","17.2","35.9","16.4"
"ASN00086282","2026-01-10","0.0","","26.2","16.8","27.3","17.1"
"ASN00086282","2026-01-11","0.0","","20.1","10.4","20.6","16.3"
"ASN00086282","2026-01-12","0.0","","23.9","9.4","16.9","9.4"
"ASN00086282","2026-01-13","0.0","","20.6","14.9","17.2","13.4"
"ASN00086282","2026-01-14","0.0","","25.7","16.1","18.7","13.9"
"ASN00086282","2026-01-15","0.0","","25.2","14.3","25.1","14.4"
"ASN00086282","2026-01-16","0.0","","26.2","16.6","27.6","21.7"
"ASN00086282","2026-01-17","0.0","","29.3","15.3","18.9","11.1"
"ASN00086282","2026-01-18","0.0","","29.4","12.7","13.5","6.8"
"ASN00086282","2026-01-19","0.0","","31.9","14.8","25.2","13.2"
"ASN00086282","2026-01-20","0.0","","28.9","16.1","16.3","10.3"
"ASN00086282","2026-01-21","0.0","","25.0","15.6","22.8","16.3"
"ASN00086282","2026-01-22","0.8","","21.3","11.3","22.4","17.2"
"ASN00086282","2026-01-23","0.0","","27.7","8.6","17.0","6.7"
"ASN00086282","2026-01-24","0.0","","39.8","12.3","19.6","8.8"
"ASN00086282","2026-01-25","0.0","","25.6","17.4","15.2","9.2"
"ASN00086282","2026-01-26","0.0","","32.8","12.9","12.0","8.3"
"ASN00086282","2026-01-27","0.0","","44.1","13.4","25.5","13.2"
"ASN00086282","2026-01-28","0.0","","26.8","19.4","19.1","12.2"
"ASN00086282","2026-01-29","0.0","","26.5","16.0","14.8","9.8"
"ASN00086282","2026-01-30","0.0","","31.8","18.0","15.9","7.7"
"ASN00086282","2026-01-31","0.0","","28.6","18.7","15.8","8.3"
"ASN00086282","2026-02-01","0.2","","23.8","14.7","27.8","19.9"
"ASN00086282","2026-02-02","0.0","","21.3","12.0","18.4","13.4"
"ASN00086282","2026-02-03","0.0","","31.9","8.6","24.5","12.3"
"ASN00086282","2026-02-04","0.0","","33.5","13.6","23.4","13.9"
"ASN00086282","2026-02-05","0.0","","24.0","13.9","16.5","9.5"
"ASN00086282","2026-02-06","0.0","","25.5","12.9","13.6","7.1"
"ASN00086282","2026-02-07","0.0","","27.6","12.0","13.4","7.0"
"ASN00086282","2026-02-08","0.0","","33.0","16.9","26.5","11.6"
"ASN00086282","2026-02-09","1.8","","20.6","17.3","15.4","9.6"
"ASN00086282","2026-02-10","0.0","","26.5","17.1","10.5","7.7"
"ASN00086282","2026-02-11","0.0","","36.9","14.1","22.1","15.3"
"ASN00086282","2026-02-12","9.0","","19.9","9.0","23.3","17.4"
"ASN00086282","2026-02-13","0.2","","20.6","11.0","19.0","11.3"
"ASN00086282","2026-02-14","0.0","","25.0","12.3","13.9","9.2"
"ASN00086282","2026-02-15","0.0","","31.2","13.5","19.3","7.7"
"ASN00086282","2026-02-16","0.0","","34.9","16.0","26.5","13.9"
"ASN00086282","2026-02-17","0.0","","35.2","21.5","28.5","19.6"
"ASN00086282","2026-02-18","1.8","","25.5","10.6","14.0","10.2"
"ASN00086282","2026-02-19","0.2","","26.0","11.7","16.0","9.1"
"ASN00086282","2026-02-20","0.0","","31.0","11.1","12.2","5.1"
"ASN00086282","2026-02-21","0.0","","28.7","15.3","12.5","6.2"
"ASN00086282","2026-02-22","0.0","","25.9","16.6","23.1","14.7"
"ASN00086282","2026-02-23","9.0","","22.5","12.3","14.6","9.4"
"ASN00086282","2026-02-24","0.2","","27.1","13.7","13.8","7.2"
"ASN00086282","2026-02-25","22.0","","19.7","16.8","21.5","14.2"
"ASN00086282","2026-02-26","0.2","","27.7","12.8","11.7","7.5"
"ASN00086282","2026-02-27","0.0","","32.5","16.1","12.6","5.3"
"ASN00086282","2026-02-28","2.2","","29.1","18.4","16.3","7.3"
"ASN00086282","2026-03-01","0.2","","29.3","20.9","30.5","18.4"
"ASN00086282","2026-03-02","8.0","","23.2","19.0","29.9","18.9"
"ASN00086282","2026-03-03","4.6","","20.5","14.7","15.4","11.3"
"ASN00086282","2026-03-04","0.0","","21.1","14.0","12.3","8.8"
"ASN00086282","2026-03-05","0.0","","27.1","12.6","8.7","4.7"
"ASN00086282","2026-03-06","0.0","","26.5","13.7","12.0","5.4"
"ASN00086282","2026-03-07","0.4","","22.4","15.6","19.3","12.5"
"ASN00086282","2026-03-08","0.0","","25.2","14.2","20.4","12.6"
"ASN00086282","2026-03-09","0.0","","31.0","13.1","18.0","9.5"
"ASN00086282","2026-03-10","0.0","","32.3","16.6","13.9","5.1"
"ASN00086282","2026-03-11","0.0","","27.1","16.8","32.8","16.7"
"ASN00086282","2026-03-12","0.0","","18.6","11.7","23.2","16.6"
"ASN00086282","2026-03-13","0.0","","20.5","11.5","21.1","14.7"
"ASN00086282","2026-03-14","0.0","","26.0","6.8","14.4","5.5"
"ASN00086282","2026-03-15","0.0","","31.1","9.5","12.9","4.8"
"ASN00086282","2026-03-16","0.0","","19.4","15.2","12.7","5.9"
"ASN00086282","2026-03-17","10.8","","20.2","16.1","12.2","8.4"
"ASN00086282","2026-03-18","1.0","","23.8","11.9","12.5","5.9"
"ASN00086282","2026-03-19","1.0","","18.9","14.6","14.0","9.7"
"ASN00086282","2026-03-20","0.4","","22.5","14.7","10.3","5.7"
"ASN00086282","2026-03-21","0.0","","23.4","11.3","12.5","6.0"
"ASN00086282","2026-03-22","0.0","","30.7","12.0","16.7","9.9"
"ASN00086282","2026-03-23","0.0","","31.4","12.5","9.5","4.9"
"ASN00086282","2026-03-24","0.0","","28.8","15.2","22.6","14.6"
"ASN00086282","2026-03-25","1.8","","27.9","16.7","15.7","11.1"
"ASN00086282","2026-03-26","7.8","","19.3","14.1","25.4","16.4"
"ASN00086282","2026-03-27","17.6","","15.2","8.7","31.5","23.9"
"ASN00086282","2026-03-28","3.6","","19.0","10.3","19.8","14.3"
"ASN00086282","2026-03-29","1.0","","21.7","11.9","11.8","7.0"
"ASN00086282","2026-03-30","0.2","","26.1","9.9","14.4","9.5"
"ASN00086282","2026-03-31","0.2","","28.1","13.9","20.1","15.2"
"ASN00086282","2026-04-01","0.0","","27.3","16.5","24.1","13.8"
"ASN00086282","2026-04-02","0.0","","25.4","10.1","14.4","5.2"
"ASN00086282","2026-04-03","0.4","","18.6","11.1","17.5","11.8"
